{"level":"info","message":{"method":"GET","responseTime":"16ms","statusCode":200,"url":"/api/v1/metrics"},"timestamp":"2026-09-16T12:05:43.694Z"}
{"level":"info","message":{"method":"GET","responseTime":"3ms","statusCode":200,"url":"/api/v1/metrics"},"timestamp":"2026-09-16T12:06:13.672Z"}
{"level":"info","message":{"method":"GET","responseTime":"1ms","statusCode":200,"url":"/api/v1/metrics"},"timestamp":"2026-09-16T12:06:28.672Z"}
{"level":"info","message":{"method":"GET","responseTime":"1ms","statusCode":200,"url":"/api/v1/metrics"},"timestamp":"2026-09-16T12:06:43.671Z"}
{"level":"info","message":{"method":"GET","responseTime":"2ms","statusCode":200,"url":"/api/v1/metrics"},"timestamp":"2026-09-16T12:06:58.672Z"}
{"level":"info","message":{"method":"GET","responseTime":"2ms","statusCode":200,"url":"/api/v1/metrics"},"timestamp":"2026-09-16T12:07:13.671Z"}
{"level":"info","message":{"method":"GET","responseTime":"2ms","statusCode":200,"url":"/api/v1/metrics"},"timestamp":"2026-09-16T12:07:28.671Z"}
{"level":"info","message":{"method":"GET","responseTime":"4ms","statusCode":200,"url":"/api/v1/metrics"},"timestamp":"2026-09-16T12:07:43.676Z"}
{"level":"info","message":{"method":"GET","responseTime":"2ms","statusCode":200,"url":"/api/v1/metrics"},"timestamp":"2026-09-16T12:07:58.672Z"}
{"level":"info","message":{"method":"GET","responseTime":"1ms","statusCode":200,"url":"/api/v1/metrics"},"timestamp":"2026-09-16T12:08:13.671Z"}
{"level":"info","message":{"method":"GET","responseTime":"5ms","statusCode":200,"url":"/api/v1/metrics"},"timestamp":"2026-09-16T12:08:28.675Z"}
{"level":"info","message":{"method":"GET","responseTime":"2ms","statusCode":200,"url":"/api/v1/metrics"},"timestamp":"2026-09-16T12:08:43.671Z"}
{"level":"info","message":{"method":"GET","responseTime":"2ms","statusCode":200,"url":"/api/v1/metrics"},"timestamp":"2026-09-16T12:08:58.671Z"}
{"level":"info","message":{"method":"GET","responseTime":"3ms","statusCode":200,"url":"/api/v1/metrics"},"timestamp":"2026-09-16T12:09:13.672Z"}
{"level":"info","message":{"method":"GET","responseTime":"2ms","statusCode":200,"url":"/api/v1/metrics"},"timestamp":"2026-09-16T12:09:28.670Z"}
{"level":"info","message":{"method":"GET","responseTime":"6ms","statusCode":200,"url":"/api/v1/metrics"},"timestamp":"2026-09-16T12:09:43.675Z"}
{"level":"info","message":{"method":"GET","responseTime":"2ms","statusCode":200,"url":"/api/v1/metrics"},"timestamp":"2026-09-16T12:09:58.671Z"}
{"level":"info","message":{"method":"GET","responseTime":"3ms","statusCode":200,"url":"/api/v1/metrics"},"timestamp":"2026-09-16T12:10:13.672Z"}
{"level":"info","message":{"method":"GET","responseTime":"1ms","statusCode":200,"url":"/api/v1/metrics"},"timestamp":"2026-09-16T12:10:28.670Z"}
{"level":"info","message":{"method":"GET","responseTime":"1ms","statusCode":200,"url":"/api/v1/metrics"},"timestamp":"2026-09-16T12:10:43.670Z"}
{"level":"info","message":{"method":"GET","responseTime":"2ms","statusCode":200,"url":"/api/v1/metrics"},"timestamp":"2026-09-16T12:10:58.672Z"}
{"level":"info","message":{"method":"GET","responseTime":"2ms","statusCode":200,"url":"/api/v1/metrics"},"timestamp":"2026-09-16T12:11:13.670Z"}
{"level":"info","message":{"method":"GET","responseTime":"2ms","statusCode":200,"url":"/api/v1/metrics"},"timestamp":"2026-09-16T12:11:28.671Z"}
{"level":"info","message":{"method":"GET","responseTime":"2ms","statusCode":200,"url":"/api/v1/metrics"},"timestamp":"2026-09-16T12:11:43.671Z"}
{"level":"info","message":{"method":"GET","responseTime":"5ms","statusCode":200,"url":"/api/v1/metrics"},"timestamp":"2026-09-16T12:11:58.673Z"}
{"level":"info","message":{"method":"GET","responseTime":"2ms","statusCode":200,"url":"/api/v1/metrics"},"timestamp":"2026-09-16T12:12:13.672Z"}
{"level":"info","message":{"method":"GET","responseTime":"5ms","statusCode":200,"url":"/api/v1/metrics"},"timestamp":"2026-09-16T12:12:28.677Z"}
{"level":"info","message":{"method":"GET","responseTime":"4ms","statusCode":200,"url":"/api/v1/metrics"},"timestamp":"2026-09-16T12:12:43.673Z"}
{"level":"info","message":{"method":"GET","responseTime":"3ms","statusCode":200,"url":"/api/v1/metrics"},"timestamp":"2026-09-16T12:12:58.671Z"}
{"level":"info","message":{"method":"GET","responseTime":"3ms","statusCode":200,"url":"/api/v1/metrics"},"timestamp":"2026-09-16T12:13:13.672Z"}
{"level":"info","message":{"method":"GET","responseTime":"5ms","statusCode":200,"url":"/api/v1/metrics"},"timestamp":"2026-09-16T12:13:28.675Z"}
{"level":"info","message":{"method":"GET","responseTime":"2ms","statusCode":200,"url":"/api/v1/metrics"},"timestamp":"2026-09-16T12:13:43.671Z"}
{"level":"info","message":{"method":"GET","responseTime":"1ms","statusCode":200,"url":"/api/v1/metrics"},"timestamp":"2026-09-16T12:13:58.670Z"}
{"level":"info","message":{"method":"GET","responseTime":"2ms","statusCode":200,"url":"/api/v1/metrics"},"timestamp":"2026-09-16T12:14:13.671Z"}
{"level":"info","message":{"method":"GET","responseTime":"2ms","statusCode":200,"url":"/api/v1/metrics"},"timestamp":"2026-09-16T12:14:28.671Z"}
{"level":"info","message":{"method":"GET","responseTime":"1ms","statusCode":200,"url":"/api/v1/metrics"},"timestamp":"2026-09-16T12:14:43.670Z"}
{"level":"info","message":{"method":"GET","responseTime":"1ms","statusCode":200,"url":"/api/v1/metrics"},"timestamp":"2026-09-16T12:14:58.670Z"}
{"level":"info","message":{"method":"GET","responseTime":"2ms","statusCode":200,"url":"/api/v1/metrics"},"timestamp":"2026-09-16T12:15:13.671Z"}
{"level":"info","message":{"method":"GET","responseTime":"1ms","statusCode":200,"url":"/api/v1/metrics"},"timestamp":"2026-09-16T12:15:28.670Z"}
{"level":"info","message":{"method":"GET","responseTime":"1ms","statusCode":200,"url":"/api/v1/metrics"},"timestamp":"2026-09-16T12:15:43.671Z"}
{"level":"info","message":{"method":"GET","responseTime":"2ms","statusCode":200,"url":"/api/v1/metrics"},"timestamp":"2026-09-16T12:15:58.671Z"}
{"level":"info","message":{"method":"GET","responseTime":"2ms","statusCode":200,"url":"/api/v1/metrics"},"timestamp":"2026-09-16T12:16:13.671Z"}
{"level":"info","message":{"method":"GET","responseTime":"2ms","statusCode":200,"url":"/api/v1/metrics"},"timestamp":"2026-09-16T12:16:28.671Z"}
{"level":"info","message":{"method":"GET","responseTime":"2ms","statusCode":200,"url":"/api/v1/metrics"},"timestamp":"2026-09-16T12:16:43.670Z"}
{"level":"info","message":{"method":"GET","responseTime":"2ms","statusCode":200,"url":"/api/v1/metrics"},"timestamp":"2026-09-16T12:16:58.671Z"}
{"level":"info","message":{"method":"GET","responseTime":"2ms","statusCode":200,"url":"/api/v1/metrics"},"timestamp":"2026-09-16T12:17:13.671Z"}
{"level":"info","message":{"method":"GET","responseTime":"2ms","statusCode":200,"url":"/api/v1/metrics"},"timestamp":"2026-09-16T12:17:28.671Z"}
{"level":"info","message":{"method":"GET","responseTime":"2ms","statusCode":200,"url":"/api/v1/metrics"},"timestamp":"2026-09-16T12:17:43.671Z"}
{"level":"info","message":{"method":"GET","responseTime":"3ms","statusCode":200,"url":"/api/v1/metrics"},"timestamp":"2026-09-16T12:17:58.672Z"}
{"level":"info","message":{"method":"GET","responseTime":"1ms","statusCode":200,"url":"/api/v1/metrics"},"timestamp":"2026-09-16T12:18:13.670Z"}
{"level":"info","message":{"method":"GET","responseTime":"1ms","statusCode":200,"url":"/api/v1/metrics"},"timestamp":"2026-09-16T12:18:28.670Z"}
{"level":"info","message":{"method":"GET","responseTime":"1ms","statusCode":200,"url":"/api/v1/metrics"},"timestamp":"2026-09-16T12:18:43.670Z"}
{"level":"info","message":{"method":"GET","responseTime":"2ms","statusCode":200,"url":"/api/v1/metrics"},"timestamp":"2026-09-16T12:18:58.672Z"}
{"level":"info","message":{"method":"GET","responseTime":"2ms","statusCode":200,"url":"/api/v1/metrics"},"timestamp":"2026-09-16T12:19:13.671Z"}
{"level":"info","message":{"method":"GET","responseTime":"2ms","statusCode":200,"url":"/api/v1/metrics"},"timestamp":"2026-09-16T12:19:28.670Z"}
{"level":"info","message":{"method":"GET","responseTime":"2ms","statusCode":200,"url":"/api/v1/metrics"},"timestamp":"2026-09-16T12:19:43.671Z"}
{"level":"info","message":{"method":"GET","responseTime":"2ms","statusCode":200,"url":"/api/v1/metrics"},"timestamp":"2026-09-16T12:19:58.671Z"}
{"level":"info","message":{"method":"GET","responseTime":"2ms","statusCode":200,"url":"/api/v1/metrics"},"timestamp":"2026-09-16T12:20:13.672Z"}
{"level":"info","message":{"method":"GET","responseTime":"2ms","statusCode":200,"url":"/api/v1/metrics"},"timestamp":"2026-09-16T12:20:28.670Z"}
{"level":"info","message":{"method":"GET","responseTime":"2ms","statusCode":200,"url":"/api/v1/metrics"},"timestamp":"2026-09-16T12:20:43.671Z"}
{"level":"info","message":{"method":"GET","responseTime":"2ms","statusCode":200,"url":"/api/v1/metrics"},"timestamp":"2026-09-16T12:20:58.671Z"}
{"level":"info","message":{"method":"GET","responseTime":"2ms","statusCode":200,"url":"/api/v1/metrics"},"timestamp":"2026-09-16T12:21:13.671Z"}
{"level":"info","message":{"method":"GET","responseTime":"1ms","statusCode":200,"url":"/api/v1/metrics"},"timestamp":"2026-09-16T12:21:28.670Z"}
{"level":"info","message":{"method":"GET","responseTime":"2ms","statusCode":200,"url":"/api/v1/metrics"},"timestamp":"2026-09-16T12:21:43.671Z"}
{"level":"info","message":{"method":"GET","responseTime":"2ms","statusCode":200,"url":"/api/v1/metrics"},"timestamp":"2026-09-16T12:21:58.671Z"}
{"level":"info","message":{"method":"GET","responseTime":"2ms","statusCode":200,"url":"/api/v1/metrics"},"timestamp":"2026-09-16T12:22:13.671Z"}
{"level":"info","message":{"method":"GET","responseTime":"2ms","statusCode":200,"url":"/api/v1/metrics"},"timestamp":"2026-09-16T12:22:28.670Z"}
{"level":"info","message":{"method":"GET","responseTime":"2ms","statusCode":200,"url":"/api/v1/metrics"},"timestamp":"2026-09-16T12:22:43.672Z"}
{"level":"info","message":{"method":"GET","responseTime":"2ms","statusCode":200,"url":"/api/v1/metrics"},"timestamp":"2026-09-16T12:22:58.671Z"}
{"level":"info","message":{"method":"GET","responseTime":"2ms","statusCode":200,"url":"/api/v1/metrics"},"timestamp":"2026-09-16T12:23:13.671Z"}
{"level":"info","message":{"method":"GET","responseTime":"2ms","statusCode":200,"url":"/api/v1/metrics"},"timestamp":"2026-09-16T12:23:28.671Z"}
{"level":"info","message":{"method":"GET","responseTime":"5ms","statusCode":200,"url":"/api/v1/metrics"},"timestamp":"2026-09-16T12:23:43.674Z"}
{"level":"info","message":{"method":"GET","responseTime":"1ms","statusCode":200,"url":"/api/v1/metrics"},"timestamp":"2026-09-16T12:23:58.670Z"}
{"level":"info","message":{"method":"GET","responseTime":"2ms","statusCode":200,"url":"/api/v1/metrics"},"timestamp":"2026-09-16T12:24:13.672Z"}
{"level":"info","message":{"method":"GET","responseTime":"3ms","statusCode":200,"url":"/api/v1/metrics"},"timestamp":"2026-09-16T12:24:28.672Z"}
{"level":"info","message":{"method":"GET","responseTime":"2ms","statusCode":200,"url":"/api/v1/metrics"},"timestamp":"2026-09-16T12:24:43.671Z"}
{"level":"info","message":{"method":"GET","responseTime":"1ms","statusCode":200,"url":"/api/v1/metrics"},"timestamp":"2026-09-16T12:24:58.670Z"}
{"level":"info","message":{"method":"GET","responseTime":"2ms","statusCode":200,"url":"/api/v1/metrics"},"timestamp":"2026-09-16T12:25:13.670Z"}
{"level":"info","message":{"method":"GET","responseTime":"2ms","statusCode":200,"url":"/api/v1/metrics"},"timestamp":"2026-09-16T12:25:28.671Z"}
{"level":"info","message":{"method":"GET","responseTime":"1ms","statusCode":200,"url":"/api/v1/metrics"},"timestamp":"2026-09-16T12:25:43.670Z"}
{"level":"info","message":{"method":"GET","responseTime":"2ms","statusCode":200,"url":"/api/v1/metrics"},"timestamp":"2026-09-16T12:25:58.670Z"}
{"level":"info","message":{"method":"GET","responseTime":"1ms","statusCode":200,"url":"/api/v1/metrics"},"timestamp":"2026-09-16T12:26:13.670Z"}
{"level":"info","message":{"method":"GET","responseTime":"1ms","statusCode":200,"url":"/api/v1/metrics"},"timestamp":"2026-09-16T12:26:28.670Z"}
{"level":"info","message":{"method":"GET","responseTime":"1ms","statusCode":200,"url":"/api/v1/metrics"},"timestamp":"2026-09-16T12:26:43.670Z"}
{"level":"info","message":{"method":"GET","responseTime":"2ms","statusCode":200,"url":"/api/v1/metrics"},"timestamp":"2026-09-16T12:26:58.670Z"}
{"level":"info","message":{"method":"GET","responseTime":"2ms","statusCode":200,"url":"/api/v1/metrics"},"timestamp":"2026-09-16T12:27:13.671Z"}
{"level":"info","message":{"method":"GET","responseTime":"1ms","statusCode":200,"url":"/api/v1/metrics"},"timestamp":"2026-09-16T12:27:28.670Z"}
{"level":"info","message":{"method":"GET","responseTime":"2ms","statusCode":200,"url":"/api/v1/metrics"},"timestamp":"2026-09-16T12:27:43.671Z"}
{"level":"info","message":{"method":"GET","responseTime":"1ms","statusCode":200,"url":"/api/v1/metrics"},"timestamp":"2026-09-16T12:27:58.670Z"}
{"level":"info","message":{"method":"GET","responseTime":"2ms","statusCode":200,"url":"/api/v1/metrics"},"timestamp":"2026-09-16T12:28:13.671Z"}
{"level":"info","message":"Graceful shutdown started...","timestamp":"2026-09-16T14:23:22.521Z"}
{"level":"info","message":"HTTP server closed","timestamp":"2026-09-16T14:23:22.527Z"}
{"level":"info","message":"Workers closed","timestamp":"2026-09-16T14:23:22.549Z"}
{"level":"info","message":"Redis connection closed","timestamp":"2026-09-16T14:23:22.555Z"}
{"level":"info","message":{"method":"GET","responseTime":"9ms","statusCode":200,"url":"/api/v1/metrics"},"timestamp":"2026-09-16T14:31:13.688Z"}
{"level":"info","message":{"method":"GET","responseTime":"2ms","statusCode":404,"url":"/favicon.ico"},"timestamp":"2026-09-16T14:31:28.633Z"}
{"level":"info","message":{"method":"GET","responseTime":"4ms","statusCode":200,"url":"/api/v1/metrics"},"timestamp":"2026-09-16T14:31:28.674Z"}
{"level":"info","message":{"method":"GET","responseTime":"1ms","statusCode":404,"url":"/"},"timestamp":"2026-09-16T14:31:30.419Z"}
{"level":"info","message":{"method":"GET","responseTime":"4ms","statusCode":200,"url":"/api/v1/metrics"},"timestamp":"2026-09-16T14:31:43.674Z"}
{"level":"info","message":{"method":"GET","responseTime":"3ms","statusCode":200,"url":"/api/v1/metrics"},"timestamp":"2026-09-16T14:31:58.673Z"}
{"level":"info","message":"Graceful shutdown started...","timestamp":"2026-09-16T14:32:01.457Z"}
{"level":"info","message":"HTTP server closed","timestamp":"2026-09-16T14:32:01.460Z"}
{"level":"info","message":"Workers closed","timestamp":"2026-09-16T14:32:01.485Z"}
{"level":"info","message":"Redis connection closed","timestamp":"2026-09-16T14:32:01.494Z"}
{"level":"info","message":{"method":"GET","responseTime":"10ms","statusCode":200,"url":"/api/v1/metrics"},"timestamp":"2026-09-16T14:32:13.689Z"}
{"level":"info","message":{"method":"GET","responseTime":"5ms","statusCode":200,"url":"/api/v1/metrics"},"timestamp":"2026-09-16T14:32:28.676Z"}
{"level":"info","message":{"method":"GET","responseTime":"4ms","statusCode":200,"url":"/api/v1/metrics"},"timestamp":"2026-09-16T14:32:43.674Z"}
{"level":"info","message":{"method":"GET","responseTime":"4ms","statusCode":200,"url":"/api/v1/metrics"},"timestamp":"2026-09-16T14:32:58.675Z"}
{"level":"info","message":{"method":"GET","responseTime":"4ms","statusCode":200,"url":"/api/v1/metrics"},"timestamp":"2026-09-16T14:33:13.674Z"}
{"level":"info","message":{"method":"GET","responseTime":"10ms","statusCode":200,"url":"/api/v1/metrics"},"timestamp":"2026-09-16T14:33:28.688Z"}
{"level":"info","message":{"method":"GET","responseTime":"2ms","statusCode":404,"url":"/"},"timestamp":"2026-09-16T14:33:35.642Z"}
{"level":"info","message":{"method":"GET","responseTime":"4ms","statusCode":200,"url":"/api/v1/metrics"},"timestamp":"2026-09-16T14:33:43.675Z"}
{"level":"info","message":{"method":"GET","responseTime":"4ms","statusCode":200,"url":"/api/v1/metrics"},"timestamp":"2026-09-16T14:33:58.674Z"}
{"level":"info","message":{"method":"GET","responseTime":"4ms","statusCode":200,"url":"/api/v1/metrics"},"timestamp":"2026-09-16T14:34:13.674Z"}
{"level":"info","message":{"method":"GET","responseTime":"3ms","statusCode":301,"url":"/api-docs"},"timestamp":"2026-09-16T14:34:21.394Z"}
{"level":"info","message":{"method":"GET","responseTime":"3ms","statusCode":200,"url":"/api-docs/"},"timestamp":"2026-09-16T14:34:21.942Z"}
{"level":"info","message":{"method":"GET","responseTime":"6ms","statusCode":200,"url":"/api-docs/swagger-ui-standalone-preset.js"},"timestamp":"2026-09-16T14:34:22.435Z"}
{"level":"info","message":{"method":"GET","responseTime":"4ms","statusCode":200,"url":"/api-docs/swagger-ui.css"},"timestamp":"2026-09-16T14:34:22.514Z"}
{"level":"info","message":{"method":"GET","responseTime":"1ms","statusCode":200,"url":"/api-docs/swagger-ui-init.js"},"timestamp":"2026-09-16T14:34:22.527Z"}
{"level":"info","message":{"method":"GET","responseTime":"12ms","statusCode":200,"url":"/api-docs/swagger-ui-bundle.js"},"timestamp":"2026-09-16T14:34:22.543Z"}
{"level":"info","message":{"method":"GET","responseTime":"3ms","statusCode":200,"url":"/api/v1/metrics"},"timestamp":"2026-09-16T14:34:28.673Z"}
{"level":"info","message":{"method":"GET","responseTime":"1ms","statusCode":200,"url":"/api-docs/favicon-32x32.png"},"timestamp":"2026-09-16T14:34:39.402Z"}
{"level":"info","message":{"method":"GET","responseTime":"3ms","statusCode":200,"url":"/api/v1/metrics"},"timestamp":"2026-09-16T14:34:43.673Z"}
{"level":"info","message":{"method":"GET","responseTime":"2ms","statusCode":200,"url":"/api/v1/metrics"},"timestamp":"2026-09-16T14:34:58.672Z"}
{"level":"info","message":{"method":"GET","responseTime":"3ms","statusCode":200,"url":"/api/v1/metrics"},"timestamp":"2026-09-16T14:35:13.673Z"}
{"level":"info","message":{"method":"GET","responseTime":"4ms","statusCode":200,"url":"/api/v1/metrics"},"timestamp":"2026-09-16T14:35:28.673Z"}
{"level":"info","message":{"method":"GET","responseTime":"4ms","statusCode":200,"url":"/api/v1/metrics"},"timestamp":"2026-09-16T14:35:43.676Z"}
{"level":"info","message":{"method":"GET","responseTime":"3ms","statusCode":200,"url":"/api/v1/metrics"},"timestamp":"2026-09-16T14:35:58.673Z"}
{"level":"info","message":{"method":"GET","responseTime":"4ms","statusCode":200,"url":"/api/v1/metrics"},"timestamp":"2026-09-16T14:36:13.674Z"}
{"level":"info","message":{"method":"GET","responseTime":"4ms","statusCode":200,"url":"/api/v1/metrics"},"timestamp":"2026-09-16T14:36:28.673Z"}
{"level":"info","message":{"method":"GET","responseTime":"3ms","statusCode":200,"url":"/api/v1/metrics"},"timestamp":"2026-09-16T14:36:43.672Z"}
{"level":"info","message":{"method":"GET","responseTime":"10ms","statusCode":200,"url":"/api/v1/metrics"},"timestamp":"2026-09-16T14:36:58.687Z"}
{"level":"info","message":{"method":"GET","responseTime":"4ms","statusCode":200,"url":"/api/v1/metrics"},"timestamp":"2026-09-16T14:37:13.675Z"}
{"level":"info","message":{"method":"GET","responseTime":"3ms","statusCode":200,"url":"/api/v1/metrics"},"timestamp":"2026-09-16T14:37:28.674Z"}
{"level":"info","message":{"method":"GET","responseTime":"6ms","statusCode":200,"url":"/api/v1/metrics"},"timestamp":"2026-09-16T14:37:43.677Z"}
{"level":"info","message":{"method":"GET","responseTime":"10ms","statusCode":200,"url":"/api/v1/metrics"},"timestamp":"2026-09-16T14:37:58.688Z"}
{"level":"info","message":{"method":"GET","responseTime":"4ms","statusCode":200,"url":"/api/v1/metrics"},"timestamp":"2026-09-16T14:38:13.675Z"}
{"level":"info","message":{"method":"GET","responseTime":"7ms","statusCode":200,"url":"/api/v1/metrics"},"timestamp":"2026-09-16T14:38:28.679Z"}
{"level":"info","message":{"method":"GET","responseTime":"3ms","statusCode":200,"url":"/api/v1/metrics"},"timestamp":"2026-09-16T14:38:43.674Z"}
{"level":"info","message":{"method":"GET","responseTime":"3ms","statusCode":200,"url":"/api/v1/metrics"},"timestamp":"2026-09-16T14:38:58.674Z"}
{"level":"info","message":{"method":"GET","responseTime":"4ms","statusCode":200,"url":"/api/v1/metrics"},"timestamp":"2026-09-16T14:39:13.674Z"}
{"level":"info","message":{"method":"GET","responseTime":"4ms","statusCode":200,"url":"/api/v1/metrics"},"timestamp":"2026-09-16T14:39:28.674Z"}
{"level":"info","message":{"method":"GET","responseTime":"3ms","statusCode":200,"url":"/api/v1/metrics"},"timestamp":"2026-09-16T14:39:43.673Z"}
{"level":"info","message":{"method":"GET","responseTime":"6ms","statusCode":200,"url":"/api/v1/metrics"},"timestamp":"2026-09-16T14:39:58.678Z"}
{"level":"info","message":{"method":"GET","responseTime":"9ms","statusCode":200,"url":"/api/v1/metrics"},"timestamp":"2026-09-16T14:40:13.689Z"}
{"level":"info","message":{"method":"GET","responseTime":"9ms","statusCode":200,"url":"/api/v1/metrics"},"timestamp":"2026-09-16T14:42:13.688Z"}
{"level":"info","message":{"method":"GET","responseTime":"4ms","statusCode":304,"url":"/api-docs/"},"timestamp":"2026-09-16T14:42:25.943Z"}
{"level":"info","message":{"method":"GET","responseTime":"3ms","statusCode":304,"url":"/api-docs/swagger-ui.css"},"timestamp":"2026-09-16T14:42:26.431Z"}
{"level":"info","message":{"method":"GET","responseTime":"7ms","statusCode":304,"url":"/api-docs/swagger-ui-bundle.js"},"timestamp":"2026-09-16T14:42:26.436Z"}
{"level":"info","message":{"method":"GET","responseTime":"1ms","statusCode":304,"url":"/api-docs/swagger-ui-standalone-preset.js"},"timestamp":"2026-09-16T14:42:26.462Z"}
{"level":"info","message":{"method":"GET","responseTime":"1ms","statusCode":200,"url":"/api-docs/swagger-ui-init.js"},"timestamp":"2026-09-16T14:42:26.473Z"}
{"level":"info","message":{"method":"GET","responseTime":"1ms","statusCode":304,"url":"/api-docs/favicon-32x32.png"},"timestamp":"2026-09-16T14:42:26.927Z"}
{"level":"info","message":{"method":"GET","responseTime":"4ms","statusCode":200,"url":"/api/v1/metrics"},"timestamp":"2026-09-16T14:42:28.675Z"}
{"level":"info","message":{"method":"GET","responseTime":"4ms","statusCode":200,"url":"/api/v1/metrics"},"timestamp":"2026-09-16T14:42:43.675Z"}
{"level":"info","message":{"method":"GET","responseTime":"4ms","statusCode":200,"url":"/api/v1/metrics"},"timestamp":"2026-09-16T14:42:58.674Z"}
{"level":"info","message":{"method":"GET","responseTime":"3ms","statusCode":200,"url":"/api/v1/metrics"},"timestamp":"2026-09-16T14:43:13.673Z"}
{"level":"info","message":{"method":"GET","responseTime":"3ms","statusCode":200,"url":"/api/v1/metrics"},"timestamp":"2026-09-16T14:43:28.672Z"}
{"level":"info","message":{"method":"GET","responseTime":"4ms","statusCode":200,"url":"/api/v1/metrics"},"timestamp":"2026-09-16T14:43:43.673Z"}
{"level":"info","message":{"method":"GET","responseTime":"7ms","statusCode":200,"url":"/api-docs/"},"timestamp":"2026-09-16T14:44:00.892Z"}
{"level":"info","message":{"method":"GET","responseTime":"3ms","statusCode":304,"url":"/api-docs/swagger-ui-bundle.js"},"timestamp":"2026-09-16T14:44:01.078Z"}
{"level":"info","message":{"method":"GET","responseTime":"4ms","statusCode":304,"url":"/api-docs/swagger-ui.css"},"timestamp":"2026-09-16T14:44:01.263Z"}
{"level":"info","message":{"method":"GET","responseTime":"2ms","statusCode":304,"url":"/api-docs/swagger-ui-standalone-preset.js"},"timestamp":"2026-09-16T14:44:01.303Z"}
{"level":"info","message":{"method":"GET","responseTime":"1ms","statusCode":200,"url":"/api-docs/swagger-ui-init.js"},"timestamp":"2026-09-16T14:44:01.308Z"}
{"level":"info","message":{"method":"GET","responseTime":"1ms","statusCode":304,"url":"/api-docs/favicon-32x32.png"},"timestamp":"2026-09-16T14:44:01.477Z"}
{"level":"info","message":{"method":"GET","responseTime":"16ms","statusCode":200,"url":"/api/v1/metrics"},"timestamp":"2026-09-16T14:44:13.687Z"}
{"level":"info","message":{"method":"GET","responseTime":"4ms","statusCode":200,"url":"/api/v1/metrics"},"timestamp":"2026-09-16T14:44:28.675Z"}
{"level":"info","message":{"method":"GET","responseTime":"14ms","statusCode":200,"url":"/api/v1/metrics"},"timestamp":"2026-09-16T14:44:43.702Z"}
{"level":"info","message":{"method":"GET","responseTime":"10ms","statusCode":200,"url":"/api/v1/metrics"},"timestamp":"2026-09-16T14:44:58.688Z"}
{"level":"info","message":{"method":"GET","responseTime":"6ms","statusCode":200,"url":"/api-docs/"},"timestamp":"2026-09-16T14:45:26.034Z"}
{"level":"info","message":{"method":"GET","responseTime":"2ms","statusCode":200,"url":"/api-docs/swagger-ui-init.js"},"timestamp":"2026-09-16T14:45:26.242Z"}
{"level":"info","message":{"method":"GET","responseTime":"3ms","statusCode":304,"url":"/api-docs/swagger-ui-bundle.js"},"timestamp":"2026-09-16T14:45:26.383Z"}
{"level":"info","message":{"method":"GET","responseTime":"1ms","statusCode":304,"url":"/api-docs/swagger-ui.css"},"timestamp":"2026-09-16T14:45:26.408Z"}
{"level":"info","message":{"method":"GET","responseTime":"2ms","statusCode":304,"url":"/api-docs/swagger-ui-standalone-preset.js"},"timestamp":"2026-09-16T14:45:26.435Z"}
{"level":"info","message":{"method":"GET","responseTime":"1ms","statusCode":304,"url":"/api-docs/favicon-32x32.png"},"timestamp":"2026-09-16T14:45:26.821Z"}
{"level":"info","message":{"method":"GET","responseTime":"7ms","statusCode":200,"url":"/api/v1/metrics"},"timestamp":"2026-09-16T14:45:28.678Z"}
{"level":"info","message":{"method":"GET","responseTime":"4ms","statusCode":200,"url":"/api/v1/metrics"},"timestamp":"2026-09-16T14:45:43.674Z"}
{"level":"info","message":{"method":"GET","responseTime":"4ms","statusCode":200,"url":"/api/v1/metrics"},"timestamp":"2026-09-16T14:45:58.674Z"}
{"level":"info","message":{"method":"GET","responseTime":"4ms","statusCode":200,"url":"/api/v1/metrics"},"timestamp":"2026-09-16T14:46:13.675Z"}
{"level":"info","message":{"method":"GET","responseTime":"3ms","statusCode":200,"url":"/api/v1/metrics"},"timestamp":"2026-09-16T14:46:28.673Z"}
{"level":"info","message":{"method":"GET","responseTime":"8ms","statusCode":200,"url":"/api/v1/metrics"},"timestamp":"2026-09-16T14:46:43.679Z"}
{"level":"info","message":{"method":"GET","responseTime":"4ms","statusCode":404,"url":"/"},"timestamp":"2026-09-16T14:46:52.231Z"}
{"level":"info","message":{"method":"GET","responseTime":"2ms","statusCode":200,"url":"/api/v1/metrics"},"timestamp":"2026-09-16T14:46:58.672Z"}
{"level":"info","message":{"method":"GET","responseTime":"4ms","statusCode":200,"url":"/api/v1/metrics"},"timestamp":"2026-09-16T14:47:13.674Z"}
{"level":"info","message":{"method":"GET","responseTime":"11ms","statusCode":200,"url":"/api-docs/"},"timestamp":"2026-09-16T14:47:39.903Z"}
{"level":"info","message":{"method":"GET","responseTime":"2ms","statusCode":200,"url":"/api-docs/swagger-ui-init.js"},"timestamp":"2026-09-16T14:47:40.079Z"}
{"level":"info","message":{"method":"GET","responseTime":"5ms","statusCode":304,"url":"/api-docs/swagger-ui.css"},"timestamp":"2026-09-16T14:47:40.199Z"}
{"level":"info","message":{"method":"GET","responseTime":"1ms","statusCode":304,"url":"/api-docs/swagger-ui-standalone-preset.js"},"timestamp":"2026-09-16T14:47:40.233Z"}
{"level":"info","message":{"method":"GET","responseTime":"2ms","statusCode":304,"url":"/api-docs/swagger-ui-bundle.js"},"timestamp":"2026-09-16T14:47:40.251Z"}
{"level":"info","message":{"method":"GET","responseTime":"1ms","statusCode":304,"url":"/api-docs/favicon-32x32.png"},"timestamp":"2026-09-16T14:47:40.618Z"}
{"level":"info","message":{"method":"GET","responseTime":"8ms","statusCode":200,"url":"/api/v1/metrics"},"timestamp":"2026-09-16T14:47:43.679Z"}
{"level":"error","message":"Invalid data","method":"POST","stack":"Error: Invalid data\n    at validate (file:///workspaces/invoice-Genrator/Backend/src/middleware/validate.js:12:15)\n    at Layer.handleRequest (/workspaces/invoice-Genrator/Backend/node_modules/router/lib/layer.js:152:17)\n    at next (/workspaces/invoice-Genrator/Backend/node_modules/router/lib/route.js:157:13)\n    at middleware (/workspaces/invoice-Genrator/Backend/node_modules/express-validator/lib/middlewares/check.js:16:13)\n    at process.processTicksAndRejections (node:internal/process/task_queues:104:5)","statusCode":400,"timestamp":"2026-09-16T14:47:51.232Z","url":"/api/v1/signup"}
{"level":"info","message":{"method":"POST","responseTime":"28ms","statusCode":400,"url":"/api/v1/signup"},"timestamp":"2026-09-16T14:47:51.234Z"}
{"level":"info","message":{"method":"GET","responseTime":"22ms","statusCode":200,"url":"/api/v1/metrics"},"timestamp":"2026-09-16T14:47:58.696Z"}
{"level":"error","message":"Invalid data","method":"POST","stack":"Error: Invalid data\n    at validate (file:///workspaces/invoice-Genrator/Backend/src/middleware/validate.js:12:15)\n    at Layer.handleRequest (/workspaces/invoice-Genrator/Backend/node_modules/router/lib/layer.js:152:17)\n    at next (/workspaces/invoice-Genrator/Backend/node_modules/router/lib/route.js:157:13)\n    at middleware (/workspaces/invoice-Genrator/Backend/node_modules/express-validator/lib/middlewares/check.js:16:13)\n    at process.processTicksAndRejections (node:internal/process/task_queues:104:5)","statusCode":400,"timestamp":"2026-09-16T14:48:11.518Z","url":"/api/v1/signup"}
{"level":"info","message":{"method":"POST","responseTime":"15ms","statusCode":400,"url":"/api/v1/signup"},"timestamp":"2026-09-16T14:48:11.523Z"}
{"level":"info","message":{"method":"GET","responseTime":"4ms","statusCode":200,"url":"/api/v1/metrics"},"timestamp":"2026-09-16T14:48:13.674Z"}
{"level":"info","message":{"method":"GET","responseTime":"4ms","statusCode":200,"url":"/api/v1/metrics"},"timestamp":"2026-09-16T14:48:28.674Z"}
{"level":"info","message":{"method":"GET","responseTime":"3ms","statusCode":200,"url":"/api/v1/metrics"},"timestamp":"2026-09-16T14:48:43.672Z"}
{"level":"info","message":{"method":"GET","responseTime":"4ms","statusCode":200,"url":"/api/v1/metrics"},"timestamp":"2026-09-16T14:48:58.673Z"}
{"level":"info","message":{"method":"GET","responseTime":"16ms","statusCode":200,"url":"/api/v1/metrics"},"timestamp":"2026-09-16T14:49:13.701Z"}
{"level":"info","message":{"method":"GET","responseTime":"4ms","statusCode":200,"url":"/api/v1/metrics"},"timestamp":"2026-09-16T14:49:28.675Z"}
{"level":"info","message":{"method":"GET","responseTime":"3ms","statusCode":200,"url":"/api/v1/metrics"},"timestamp":"2026-09-16T14:49:43.674Z"}
{"level":"info","message":{"method":"GET","responseTime":"11ms","statusCode":200,"url":"/api/v1/metrics"},"timestamp":"2026-09-16T14:50:13.691Z"}
{"level":"info","message":{"method":"GET","responseTime":"4ms","statusCode":200,"url":"/api/v1/metrics"},"timestamp":"2026-09-16T14:50:28.675Z"}
{"level":"info","message":{"method":"GET","responseTime":"3ms","statusCode":200,"url":"/api/v1/metrics"},"timestamp":"2026-09-16T14:50:43.674Z"}
{"level":"info","message":{"method":"GET","responseTime":"4ms","statusCode":200,"url":"/api/v1/metrics"},"timestamp":"2026-09-16T14:50:58.675Z"}
{"level":"info","message":{"method":"GET","responseTime":"5ms","statusCode":200,"url":"/api/v1/metrics"},"timestamp":"2026-09-16T14:51:13.677Z"}
{"level":"info","message":{"method":"GET","responseTime":"7ms","statusCode":200,"url":"/api-docs/"},"timestamp":"2026-09-16T14:51:20.700Z"}
{"level":"info","message":{"method":"GET","responseTime":"3ms","statusCode":304,"url":"/api-docs/swagger-ui.css"},"timestamp":"2026-09-16T14:51:21.067Z"}
{"level":"info","message":{"method":"GET","responseTime":"1ms","statusCode":304,"url":"/api-docs/swagger-ui-bundle.js"},"timestamp":"2026-09-16T14:51:21.113Z"}
{"level":"info","message":{"method":"GET","responseTime":"2ms","statusCode":304,"url":"/api-docs/swagger-ui-standalone-preset.js"},"timestamp":"2026-09-16T14:51:21.119Z"}
{"level":"info","message":{"method":"GET","responseTime":"1ms","statusCode":200,"url":"/api-docs/swagger-ui-init.js"},"timestamp":"2026-09-16T14:51:21.138Z"}
{"level":"info","message":{"method":"GET","responseTime":"1ms","statusCode":304,"url":"/api-docs/favicon-32x32.png"},"timestamp":"2026-09-16T14:51:21.458Z"}
{"level":"info","message":{"method":"GET","responseTime":"7ms","statusCode":200,"url":"/api/v1/metrics"},"timestamp":"2026-09-16T14:51:28.678Z"}
{"level":"info","message":{"method":"GET","responseTime":"10ms","statusCode":200,"url":"/api/v1/metrics"},"timestamp":"2026-09-16T14:52:13.688Z"}
{"level":"info","message":{"method":"GET","responseTime":"3ms","statusCode":200,"url":"/api-docs/"},"timestamp":"2026-09-16T14:52:13.998Z"}
{"level":"info","message":{"method":"GET","responseTime":"2ms","statusCode":304,"url":"/api-docs/swagger-ui-standalone-preset.js"},"timestamp":"2026-09-16T14:52:14.212Z"}
{"level":"info","message":{"method":"GET","responseTime":"3ms","statusCode":304,"url":"/api-docs/swagger-ui.css"},"timestamp":"2026-09-16T14:52:14.370Z"}
{"level":"info","message":{"method":"GET","responseTime":"2ms","statusCode":304,"url":"/api-docs/swagger-ui-init.js"},"timestamp":"2026-09-16T14:52:14.389Z"}
{"level":"info","message":{"method":"GET","responseTime":"2ms","statusCode":304,"url":"/api-docs/swagger-ui-bundle.js"},"timestamp":"2026-09-16T14:52:14.398Z"}
{"level":"info","message":{"method":"GET","responseTime":"1ms","statusCode":304,"url":"/api-docs/favicon-32x32.png"},"timestamp":"2026-09-16T14:52:14.667Z"}
{"level":"info","message":{"method":"GET","responseTime":"2ms","statusCode":200,"url":"/api-docs/"},"timestamp":"2026-09-16T14:52:17.552Z"}
{"level":"info","message":{"method":"GET","responseTime":"1ms","statusCode":304,"url":"/api-docs/swagger-ui.css"},"timestamp":"2026-09-16T14:52:17.655Z"}
{"level":"info","message":{"method":"GET","responseTime":"1ms","statusCode":304,"url":"/api-docs/swagger-ui-bundle.js"},"timestamp":"2026-09-16T14:52:17.661Z"}
{"level":"info","message":{"method":"GET","responseTime":"1ms","statusCode":304,"url":"/api-docs/swagger-ui-standalone-preset.js"},"timestamp":"2026-09-16T14:52:17.665Z"}
{"level":"info","message":{"method":"GET","responseTime":"0ms","statusCode":304,"url":"/api-docs/swagger-ui-init.js"},"timestamp":"2026-09-16T14:52:17.681Z"}
{"level":"info","message":{"method":"GET","responseTime":"1ms","statusCode":304,"url":"/api-docs/favicon-32x32.png"},"timestamp":"2026-09-16T14:52:17.900Z"}
{"level":"info","message":{"method":"GET","responseTime":"5ms","statusCode":304,"url":"/api-docs/"},"timestamp":"2026-09-16T14:52:18.538Z"}
{"level":"info","message":{"method":"GET","responseTime":"7ms","statusCode":304,"url":"/api-docs/swagger-ui.css"},"timestamp":"2026-09-16T14:52:18.649Z"}
{"level":"info","message":{"method":"GET","responseTime":"5ms","statusCode":304,"url":"/api-docs/swagger-ui-bundle.js"},"timestamp":"2026-09-16T14:52:18.663Z"}
{"level":"info","message":{"method":"GET","responseTime":"4ms","statusCode":304,"url":"/api-docs/swagger-ui-standalone-preset.js"},"timestamp":"2026-09-16T14:52:18.664Z"}
{"level":"info","message":{"method":"GET","responseTime":"1ms","statusCode":304,"url":"/api-docs/swagger-ui-init.js"},"timestamp":"2026-09-16T14:52:18.670Z"}
{"level":"info","message":{"method":"GET","responseTime":"1ms","statusCode":304,"url":"/api-docs/favicon-32x32.png"},"timestamp":"2026-09-16T14:52:18.858Z"}
{"level":"info","message":{"method":"GET","responseTime":"4ms","statusCode":304,"url":"/api-docs/"},"timestamp":"2026-09-16T14:52:18.986Z"}
{"level":"info","message":{"method":"GET","responseTime":"3ms","statusCode":304,"url":"/api-docs/swagger-ui-bundle.js"},"timestamp":"2026-09-16T14:52:19.075Z"}
{"level":"info","message":{"method":"GET","responseTime":"2ms","statusCode":304,"url":"/api-docs/swagger-ui-standalone-preset.js"},"timestamp":"2026-09-16T14:52:19.082Z"}
{"level":"info","message":{"method":"GET","responseTime":"0ms","statusCode":304,"url":"/api-docs/swagger-ui-init.js"},"timestamp":"2026-09-16T14:52:19.087Z"}
{"level":"info","message":{"method":"GET","responseTime":"1ms","statusCode":304,"url":"/api-docs/swagger-ui.css"},"timestamp":"2026-09-16T14:52:19.092Z"}
{"level":"info","message":{"method":"GET","responseTime":"2ms","statusCode":304,"url":"/api-docs/"},"timestamp":"2026-09-16T14:52:19.349Z"}
{"level":"info","message":{"method":"GET","responseTime":"1ms","statusCode":304,"url":"/api-docs/swagger-ui.css"},"timestamp":"2026-09-16T14:52:19.427Z"}
{"level":"info","message":{"method":"GET","responseTime":"1ms","statusCode":304,"url":"/api-docs/swagger-ui-init.js"},"timestamp":"2026-09-16T14:52:19.435Z"}
{"level":"info","message":{"method":"GET","responseTime":"2ms","statusCode":304,"url":"/api-docs/swagger-ui-standalone-preset.js"},"timestamp":"2026-09-16T14:52:19.441Z"}
{"level":"info","message":{"method":"GET","responseTime":"1ms","statusCode":304,"url":"/api-docs/swagger-ui-bundle.js"},"timestamp":"2026-09-16T14:52:19.444Z"}
{"level":"info","message":{"method":"GET","responseTime":"3ms","statusCode":304,"url":"/api-docs/favicon-32x32.png"},"timestamp":"2026-09-16T14:52:19.650Z"}
{"level":"info","message":{"method":"GET","responseTime":"4ms","statusCode":200,"url":"/api/v1/metrics"},"timestamp":"2026-09-16T14:52:28.674Z"}
{"level":"info","message":{"method":"GET","responseTime":"6ms","statusCode":200,"url":"/api/v1/metrics"},"timestamp":"2026-09-16T14:52:43.677Z"}
{"level":"info","message":{"method":"GET","responseTime":"5ms","statusCode":200,"url":"/api/v1/metrics"},"timestamp":"2026-09-16T14:52:58.675Z"}
{"level":"info","message":{"method":"GET","responseTime":"7ms","statusCode":304,"url":"/api-docs/"},"timestamp":"2026-09-16T14:53:10.895Z"}
{"level":"info","message":{"method":"GET","responseTime":"3ms","statusCode":304,"url":"/api-docs/swagger-ui.css"},"timestamp":"2026-09-16T14:53:11.052Z"}
{"level":"info","message":{"method":"GET","responseTime":"4ms","statusCode":304,"url":"/api-docs/swagger-ui-bundle.js"},"timestamp":"2026-09-16T14:53:11.067Z"}
{"level":"info","message":{"method":"GET","responseTime":"4ms","statusCode":304,"url":"/api-docs/swagger-ui-standalone-preset.js"},"timestamp":"2026-09-16T14:53:11.070Z"}
{"level":"info","message":{"method":"GET","responseTime":"1ms","statusCode":304,"url":"/api-docs/swagger-ui-init.js"},"timestamp":"2026-09-16T14:53:11.075Z"}
{"level":"info","message":{"method":"GET","responseTime":"1ms","statusCode":304,"url":"/api-docs/favicon-32x32.png"},"timestamp":"2026-09-16T14:53:11.319Z"}
{"level":"info","message":{"method":"GET","responseTime":"7ms","statusCode":200,"url":"/api/v1/metrics"},"timestamp":"2026-09-16T14:53:13.678Z"}
{"level":"info","message":{"method":"GET","responseTime":"4ms","statusCode":200,"url":"/api-docs/"},"timestamp":"2026-09-16T14:53:16.158Z"}
{"level":"info","message":{"method":"GET","responseTime":"3ms","statusCode":304,"url":"/api-docs/swagger-ui-bundle.js"},"timestamp":"2026-09-16T14:53:16.352Z"}
{"level":"info","message":{"method":"GET","responseTime":"1ms","statusCode":304,"url":"/api-docs/swagger-ui-init.js"},"timestamp":"2026-09-16T14:53:16.396Z"}
{"level":"info","message":{"method":"GET","responseTime":"5ms","statusCode":304,"url":"/api-docs/swagger-ui-standalone-preset.js"},"timestamp":"2026-09-16T14:53:16.398Z"}
{"level":"info","message":{"method":"GET","responseTime":"2ms","statusCode":304,"url":"/api-docs/swagger-ui.css"},"timestamp":"2026-09-16T14:53:16.399Z"}
{"level":"info","message":{"method":"GET","responseTime":"3ms","statusCode":304,"url":"/api-docs/favicon-32x32.png"},"timestamp":"2026-09-16T14:53:16.561Z"}
{"level":"info","message":{"method":"GET","responseTime":"4ms","statusCode":304,"url":"/api-docs/"},"timestamp":"2026-09-16T14:53:17.283Z"}
{"level":"info","message":{"method":"GET","responseTime":"2ms","statusCode":304,"url":"/api-docs/swagger-ui.css"},"timestamp":"2026-09-16T14:53:17.552Z"}
{"level":"info","message":{"method":"GET","responseTime":"1ms","statusCode":304,"url":"/api-docs/swagger-ui-bundle.js"},"timestamp":"2026-09-16T14:53:17.577Z"}
{"level":"info","message":{"method":"GET","responseTime":"1ms","statusCode":304,"url":"/api-docs/swagger-ui-init.js"},"timestamp":"2026-09-16T14:53:17.581Z"}
{"level":"info","message":{"method":"GET","responseTime":"1ms","statusCode":304,"url":"/api-docs/swagger-ui-standalone-preset.js"},"timestamp":"2026-09-16T14:53:17.587Z"}
{"level":"info","message":{"method":"GET","responseTime":"1ms","statusCode":304,"url":"/api-docs/favicon-32x32.png"},"timestamp":"2026-09-16T14:53:17.757Z"}
{"level":"info","message":{"method":"GET","responseTime":"4ms","statusCode":200,"url":"/api/v1/metrics"},"timestamp":"2026-09-16T14:53:28.675Z"}
{"level":"info","message":{"method":"GET","responseTime":"3ms","statusCode":304,"url":"/api-docs/"},"timestamp":"2026-09-16T14:53:35.159Z"}
{"level":"info","message":{"method":"GET","responseTime":"1ms","statusCode":304,"url":"/api-docs/swagger-ui-init.js"},"timestamp":"2026-09-16T14:53:35.298Z"}
{"level":"info","message":{"method":"GET","responseTime":"5ms","statusCode":304,"url":"/api-docs/swagger-ui-bundle.js"},"timestamp":"2026-09-16T14:53:35.342Z"}
{"level":"info","message":{"method":"GET","responseTime":"7ms","statusCode":304,"url":"/api-docs/swagger-ui.css"},"timestamp":"2026-09-16T14:53:35.346Z"}
{"level":"info","message":{"method":"GET","responseTime":"1ms","statusCode":304,"url":"/api-docs/swagger-ui-standalone-preset.js"},"timestamp":"2026-09-16T14:53:35.437Z"}
{"level":"info","message":{"method":"GET","responseTime":"2ms","statusCode":304,"url":"/api-docs/"},"timestamp":"2026-09-16T14:53:35.618Z"}
{"level":"info","message":{"method":"GET","responseTime":"1ms","statusCode":304,"url":"/api-docs/favicon-32x32.png"},"timestamp":"2026-09-16T14:53:35.640Z"}
{"level":"info","message":{"method":"GET","responseTime":"0ms","statusCode":304,"url":"/api-docs/swagger-ui-init.js"},"timestamp":"2026-09-16T14:53:35.718Z"}
{"level":"info","message":{"method":"GET","responseTime":"3ms","statusCode":304,"url":"/api-docs/swagger-ui-standalone-preset.js"},"timestamp":"2026-09-16T14:53:35.724Z"}
{"level":"info","message":{"method":"GET","responseTime":"1ms","statusCode":304,"url":"/api-docs/swagger-ui.css"},"timestamp":"2026-09-16T14:53:35.731Z"}
{"level":"info","message":{"method":"GET","responseTime":"0ms","statusCode":304,"url":"/api-docs/swagger-ui-bundle.js"},"timestamp":"2026-09-16T14:53:35.736Z"}
{"level":"info","message":{"method":"GET","responseTime":"4ms","statusCode":200,"url":"/api-docs/favicon-32x32.png"},"timestamp":"2026-09-16T14:53:35.959Z"}
{"level":"info","message":{"method":"GET","responseTime":"2ms","statusCode":304,"url":"/api-docs/"},"timestamp":"2026-09-16T14:53:36.048Z"}
{"level":"info","message":{"method":"GET","responseTime":"1ms","statusCode":304,"url":"/api-docs/swagger-ui-bundle.js"},"timestamp":"2026-09-16T14:53:36.135Z"}
{"level":"info","message":{"method":"GET","responseTime":"1ms","statusCode":304,"url":"/api-docs/swagger-ui-init.js"},"timestamp":"2026-09-16T14:53:36.141Z"}
{"level":"info","message":{"method":"GET","responseTime":"1ms","statusCode":304,"url":"/api-docs/swagger-ui-standalone-preset.js"},"timestamp":"2026-09-16T14:53:36.147Z"}
{"level":"info","message":{"method":"GET","responseTime":"2ms","statusCode":304,"url":"/api-docs/swagger-ui.css"},"timestamp":"2026-09-16T14:53:36.160Z"}
{"level":"info","message":{"method":"GET","responseTime":"1ms","statusCode":304,"url":"/api-docs/"},"timestamp":"2026-09-16T14:53:36.538Z"}
{"level":"info","message":{"method":"GET","responseTime":"1ms","statusCode":304,"url":"/api-docs/swagger-ui-bundle.js"},"timestamp":"2026-09-16T14:53:36.627Z"}
{"level":"info","message":{"method":"GET","responseTime":"1ms","statusCode":304,"url":"/api-docs/swagger-ui-init.js"},"timestamp":"2026-09-16T14:53:36.656Z"}
{"level":"info","message":{"method":"GET","responseTime":"15ms","statusCode":304,"url":"/api-docs/swagger-ui.css"},"timestamp":"2026-09-16T14:53:36.663Z"}
{"level":"info","message":{"method":"GET","responseTime":"17ms","statusCode":304,"url":"/api-docs/swagger-ui-standalone-preset.js"},"timestamp":"2026-09-16T14:53:36.666Z"}
{"level":"info","message":{"method":"GET","responseTime":"1ms","statusCode":304,"url":"/api-docs/favicon-32x32.png"},"timestamp":"2026-09-16T14:53:36.790Z"}
{"level":"info","message":{"method":"GET","responseTime":"1ms","statusCode":304,"url":"/api-docs/"},"timestamp":"2026-09-16T14:53:36.846Z"}
{"level":"info","message":{"method":"GET","responseTime":"1ms","statusCode":304,"url":"/api-docs/swagger-ui-standalone-preset.js"},"timestamp":"2026-09-16T14:53:36.926Z"}
{"level":"info","message":{"method":"GET","responseTime":"1ms","statusCode":304,"url":"/api-docs/swagger-ui-bundle.js"},"timestamp":"2026-09-16T14:53:36.932Z"}
{"level":"info","message":{"method":"GET","responseTime":"1ms","statusCode":304,"url":"/api-docs/swagger-ui.css"},"timestamp":"2026-09-16T14:53:36.936Z"}
{"level":"info","message":{"method":"GET","responseTime":"0ms","statusCode":304,"url":"/api-docs/swagger-ui-init.js"},"timestamp":"2026-09-16T14:53:36.938Z"}
{"level":"info","message":{"method":"GET","responseTime":"3ms","statusCode":304,"url":"/api-docs/"},"timestamp":"2026-09-16T14:53:37.070Z"}
{"level":"info","message":{"method":"GET","responseTime":"9ms","statusCode":304,"url":"/api-docs/swagger-ui.css"},"timestamp":"2026-09-16T14:53:37.190Z"}
{"level":"info","message":{"method":"GET","responseTime":"6ms","statusCode":304,"url":"/api-docs/swagger-ui-bundle.js"},"timestamp":"2026-09-16T14:53:37.195Z"}
{"level":"info","message":{"method":"GET","responseTime":"2ms","statusCode":304,"url":"/api-docs/swagger-ui-init.js"},"timestamp":"2026-09-16T14:53:37.206Z"}
{"level":"info","message":{"method":"GET","responseTime":"9ms","statusCode":304,"url":"/api-docs/swagger-ui-standalone-preset.js"},"timestamp":"2026-09-16T14:53:37.209Z"}
{"level":"info","message":{"method":"GET","responseTime":"2ms","statusCode":304,"url":"/api-docs/favicon-32x32.png"},"timestamp":"2026-09-16T14:53:37.493Z"}
{"level":"info","message":{"method":"GET","responseTime":"2ms","statusCode":304,"url":"/api-docs/"},"timestamp":"2026-09-16T14:53:37.651Z"}
{"level":"info","message":{"method":"GET","responseTime":"1ms","statusCode":304,"url":"/api-docs/swagger-ui.css"},"timestamp":"2026-09-16T14:53:37.730Z"}
{"level":"info","message":{"method":"GET","responseTime":"1ms","statusCode":304,"url":"/api-docs/swagger-ui-standalone-preset.js"},"timestamp":"2026-09-16T14:53:37.732Z"}
{"level":"info","message":{"method":"GET","responseTime":"1ms","statusCode":304,"url":"/api-docs/swagger-ui-init.js"},"timestamp":"2026-09-16T14:53:37.736Z"}
{"level":"info","message":{"method":"GET","responseTime":"0ms","statusCode":304,"url":"/api-docs/swagger-ui-bundle.js"},"timestamp":"2026-09-16T14:53:37.738Z"}
{"level":"info","message":{"method":"GET","responseTime":"1ms","statusCode":304,"url":"/api-docs/favicon-32x32.png"},"timestamp":"2026-09-16T14:53:37.856Z"}
{"level":"info","message":{"method":"GET","responseTime":"3ms","statusCode":304,"url":"/api-docs/"},"timestamp":"2026-09-16T14:53:38.080Z"}
{"level":"info","message":{"method":"GET","responseTime":"1ms","statusCode":304,"url":"/api-docs/swagger-ui.css"},"timestamp":"2026-09-16T14:53:38.158Z"}
{"level":"info","message":{"method":"GET","responseTime":"1ms","statusCode":304,"url":"/api-docs/swagger-ui-bundle.js"},"timestamp":"2026-09-16T14:53:38.165Z"}
{"level":"info","message":{"method":"GET","responseTime":"2ms","statusCode":304,"url":"/api-docs/swagger-ui-standalone-preset.js"},"timestamp":"2026-09-16T14:53:38.170Z"}
{"level":"info","message":{"method":"GET","responseTime":"1ms","statusCode":304,"url":"/api-docs/swagger-ui-init.js"},"timestamp":"2026-09-16T14:53:38.175Z"}
{"level":"info","message":{"method":"GET","responseTime":"1ms","statusCode":304,"url":"/api-docs/favicon-32x32.png"},"timestamp":"2026-09-16T14:53:38.391Z"}
{"level":"info","message":{"method":"GET","responseTime":"1ms","statusCode":304,"url":"/api-docs/"},"timestamp":"2026-09-16T14:53:38.747Z"}
{"level":"info","message":{"method":"GET","responseTime":"1ms","statusCode":304,"url":"/api-docs/swagger-ui.css"},"timestamp":"2026-09-16T14:53:38.857Z"}
{"level":"info","message":{"method":"GET","responseTime":"1ms","statusCode":304,"url":"/api-docs/swagger-ui-bundle.js"},"timestamp":"2026-09-16T14:53:38.862Z"}
{"level":"info","message":{"method":"GET","responseTime":"1ms","statusCode":304,"url":"/api-docs/swagger-ui-standalone-preset.js"},"timestamp":"2026-09-16T14:53:38.866Z"}
{"level":"info","message":{"method":"GET","responseTime":"1ms","statusCode":304,"url":"/api-docs/swagger-ui-init.js"},"timestamp":"2026-09-16T14:53:38.869Z"}
{"level":"info","message":{"method":"GET","responseTime":"1ms","statusCode":304,"url":"/api-docs/favicon-32x32.png"},"timestamp":"2026-09-16T14:53:39.006Z"}
{"level":"info","message":{"method":"GET","responseTime":"3ms","statusCode":200,"url":"/api/v1/metrics"},"timestamp":"2026-09-16T14:53:43.672Z"}
{"level":"info","message":{"method":"GET","responseTime":"3ms","statusCode":200,"url":"/api/v1/metrics"},"timestamp":"2026-09-16T14:53:58.672Z"}
{"level":"info","message":{"method":"GET","responseTime":"2ms","statusCode":200,"url":"/api/v1/metrics"},"timestamp":"2026-09-16T14:54:13.672Z"}
{"level":"info","message":{"method":"GET","responseTime":"6ms","statusCode":200,"url":"/api-docs/"},"timestamp":"2026-09-16T14:54:42.215Z"}
{"level":"info","message":{"method":"GET","responseTime":"1ms","statusCode":200,"url":"/api-docs/swagger-ui-init.js"},"timestamp":"2026-09-16T14:54:42.326Z"}
{"level":"info","message":{"method":"GET","responseTime":"5ms","statusCode":304,"url":"/api-docs/swagger-ui.css"},"timestamp":"2026-09-16T14:54:42.328Z"}
{"level":"info","message":{"method":"GET","responseTime":"1ms","statusCode":304,"url":"/api-docs/swagger-ui-standalone-preset.js"},"timestamp":"2026-09-16T14:54:42.331Z"}
{"level":"info","message":{"method":"GET","responseTime":"1ms","statusCode":304,"url":"/api-docs/swagger-ui-bundle.js"},"timestamp":"2026-09-16T14:54:42.336Z"}
{"level":"info","message":{"method":"GET","responseTime":"1ms","statusCode":304,"url":"/api-docs/favicon-32x32.png"},"timestamp":"2026-09-16T14:54:42.518Z"}
{"level":"info","message":{"method":"GET","responseTime":"3ms","statusCode":304,"url":"/api-docs/"},"timestamp":"2026-09-16T14:54:42.653Z"}
{"level":"info","message":{"method":"GET","responseTime":"3ms","statusCode":304,"url":"/api-docs/swagger-ui.css"},"timestamp":"2026-09-16T14:54:42.763Z"}
{"level":"info","message":{"method":"GET","responseTime":"2ms","statusCode":304,"url":"/api-docs/swagger-ui-bundle.js"},"timestamp":"2026-09-16T14:54:42.767Z"}
{"level":"info","message":{"method":"GET","responseTime":"2ms","statusCode":304,"url":"/api-docs/swagger-ui-standalone-preset.js"},"timestamp":"2026-09-16T14:54:42.777Z"}
{"level":"info","message":{"method":"GET","responseTime":"0ms","statusCode":304,"url":"/api-docs/swagger-ui-init.js"},"timestamp":"2026-09-16T14:54:42.779Z"}
{"level":"info","message":{"method":"GET","responseTime":"6ms","statusCode":304,"url":"/api-docs/"},"timestamp":"2026-09-16T14:54:43.200Z"}
{"level":"info","message":{"method":"GET","responseTime":"1ms","statusCode":304,"url":"/api-docs/swagger-ui.css"},"timestamp":"2026-09-16T14:54:43.297Z"}
{"level":"info","message":{"method":"GET","responseTime":"3ms","statusCode":304,"url":"/api-docs/swagger-ui-bundle.js"},"timestamp":"2026-09-16T14:54:43.303Z"}
{"level":"info","message":{"method":"GET","responseTime":"0ms","statusCode":304,"url":"/api-docs/swagger-ui-init.js"},"timestamp":"2026-09-16T14:54:43.306Z"}
{"level":"info","message":{"method":"GET","responseTime":"1ms","statusCode":304,"url":"/api-docs/swagger-ui-standalone-preset.js"},"timestamp":"2026-09-16T14:54:43.319Z"}
{"level":"info","message":{"method":"GET","responseTime":"1ms","statusCode":304,"url":"/api-docs/favicon-32x32.png"},"timestamp":"2026-09-16T14:54:43.417Z"}
{"level":"info","message":{"method":"GET","responseTime":"7ms","statusCode":200,"url":"/api/v1/metrics"},"timestamp":"2026-09-16T14:54:43.677Z"}
{"level":"info","message":{"method":"GET","responseTime":"4ms","statusCode":404,"url":"/"},"timestamp":"2026-09-16T14:55:06.147Z"}
{"level":"info","message":{"method":"GET","responseTime":"4ms","statusCode":304,"url":"/api-docs/"},"timestamp":"2026-09-16T14:55:10.606Z"}
{"level":"info","message":{"method":"GET","responseTime":"2ms","statusCode":304,"url":"/api-docs/swagger-ui.css"},"timestamp":"2026-09-16T14:55:10.733Z"}
{"level":"info","message":{"method":"GET","responseTime":"1ms","statusCode":304,"url":"/api-docs/swagger-ui-standalone-preset.js"},"timestamp":"2026-09-16T14:55:10.744Z"}
{"level":"info","message":{"method":"GET","responseTime":"1ms","statusCode":304,"url":"/api-docs/swagger-ui-bundle.js"},"timestamp":"2026-09-16T14:55:10.753Z"}
{"level":"info","message":{"method":"GET","responseTime":"1ms","statusCode":304,"url":"/api-docs/swagger-ui-init.js"},"timestamp":"2026-09-16T14:55:10.758Z"}
{"level":"info","message":{"method":"GET","responseTime":"1ms","statusCode":304,"url":"/api-docs/favicon-32x32.png"},"timestamp":"2026-09-16T14:55:10.926Z"}
{"level":"info","message":{"method":"GET","responseTime":"8ms","statusCode":200,"url":"/api/v1/metrics"},"timestamp":"2026-09-16T14:55:13.678Z"}
{"level":"info","message":{"method":"GET","responseTime":"5ms","statusCode":200,"url":"/api-docs/"},"timestamp":"2026-09-16T14:55:22.284Z"}
{"level":"info","message":{"method":"GET","responseTime":"6ms","statusCode":304,"url":"/api-docs/swagger-ui.css"},"timestamp":"2026-09-16T14:55:22.453Z"}
{"level":"info","message":{"method":"GET","responseTime":"6ms","statusCode":304,"url":"/api-docs/swagger-ui-bundle.js"},"timestamp":"2026-09-16T14:55:22.457Z"}
{"level":"info","message":{"method":"GET","responseTime":"1ms","statusCode":304,"url":"/api-docs/swagger-ui-init.js"},"timestamp":"2026-09-16T14:55:22.459Z"}
{"level":"info","message":{"method":"GET","responseTime":"2ms","statusCode":304,"url":"/api-docs/swagger-ui-standalone-preset.js"},"timestamp":"2026-09-16T14:55:22.465Z"}
{"level":"info","message":{"method":"GET","responseTime":"3ms","statusCode":304,"url":"/api-docs/favicon-32x32.png"},"timestamp":"2026-09-16T14:55:22.618Z"}
{"level":"info","message":{"method":"GET","responseTime":"5ms","statusCode":304,"url":"/api-docs/"},"timestamp":"2026-09-16T14:55:22.659Z"}
{"level":"info","message":{"method":"GET","responseTime":"4ms","statusCode":304,"url":"/api-docs/swagger-ui-standalone-preset.js"},"timestamp":"2026-09-16T14:55:22.777Z"}
{"level":"info","message":{"method":"GET","responseTime":"2ms","statusCode":304,"url":"/api-docs/swagger-ui-init.js"},"timestamp":"2026-09-16T14:55:22.786Z"}
{"level":"info","message":{"method":"GET","responseTime":"2ms","statusCode":304,"url":"/api-docs/swagger-ui.css"},"timestamp":"2026-09-16T14:55:22.792Z"}
{"level":"info","message":{"method":"GET","responseTime":"7ms","statusCode":304,"url":"/api-docs/swagger-ui-bundle.js"},"timestamp":"2026-09-16T14:55:22.800Z"}
{"level":"info","message":{"method":"GET","responseTime":"3ms","statusCode":304,"url":"/api-docs/"},"timestamp":"2026-09-16T14:55:23.245Z"}
{"level":"info","message":{"method":"GET","responseTime":"3ms","statusCode":304,"url":"/api-docs/swagger-ui.css"},"timestamp":"2026-09-16T14:55:23.353Z"}
{"level":"info","message":{"method":"GET","responseTime":"8ms","statusCode":304,"url":"/api-docs/swagger-ui-bundle.js"},"timestamp":"2026-09-16T14:55:23.374Z"}
{"level":"info","message":{"method":"GET","responseTime":"2ms","statusCode":304,"url":"/api-docs/swagger-ui-standalone-preset.js"},"timestamp":"2026-09-16T14:55:23.375Z"}
{"level":"info","message":{"method":"GET","responseTime":"1ms","statusCode":304,"url":"/api-docs/swagger-ui-init.js"},"timestamp":"2026-09-16T14:55:23.377Z"}
{"level":"info","message":{"method":"GET","responseTime":"2ms","statusCode":304,"url":"/api-docs/favicon-32x32.png"},"timestamp":"2026-09-16T14:55:23.549Z"}
{"level":"info","message":{"method":"GET","responseTime":"5ms","statusCode":304,"url":"/api-docs/"},"timestamp":"2026-09-16T14:55:23.567Z"}
{"level":"info","message":{"method":"GET","responseTime":"4ms","statusCode":304,"url":"/api-docs/swagger-ui.css"},"timestamp":"2026-09-16T14:55:23.675Z"}
{"level":"info","message":{"method":"GET","responseTime":"0ms","statusCode":304,"url":"/api-docs/swagger-ui-init.js"},"timestamp":"2026-09-16T14:55:23.685Z"}
{"level":"info","message":{"method":"GET","responseTime":"6ms","statusCode":304,"url":"/api-docs/swagger-ui-standalone-preset.js"},"timestamp":"2026-09-16T14:55:23.696Z"}
{"level":"info","message":{"method":"GET","responseTime":"5ms","statusCode":304,"url":"/api-docs/swagger-ui-bundle.js"},"timestamp":"2026-09-16T14:55:23.697Z"}
{"level":"info","message":{"method":"GET","responseTime":"8ms","statusCode":304,"url":"/api-docs/"},"timestamp":"2026-09-16T14:55:23.996Z"}
{"level":"info","message":{"method":"GET","responseTime":"2ms","statusCode":304,"url":"/api-docs/swagger-ui.css"},"timestamp":"2026-09-16T14:55:24.082Z"}
{"level":"info","message":{"method":"GET","responseTime":"2ms","statusCode":304,"url":"/api-docs/swagger-ui-bundle.js"},"timestamp":"2026-09-16T14:55:24.101Z"}
{"level":"info","message":{"method":"GET","responseTime":"4ms","statusCode":304,"url":"/api-docs/swagger-ui-standalone-preset.js"},"timestamp":"2026-09-16T14:55:24.111Z"}
{"level":"info","message":{"method":"GET","responseTime":"3ms","statusCode":304,"url":"/api-docs/swagger-ui-init.js"},"timestamp":"2026-09-16T14:55:24.119Z"}
{"level":"info","message":{"method":"GET","responseTime":"3ms","statusCode":304,"url":"/api-docs/favicon-32x32.png"},"timestamp":"2026-09-16T14:55:24.305Z"}
{"level":"info","message":{"method":"GET","responseTime":"4ms","statusCode":304,"url":"/api-docs/"},"timestamp":"2026-09-16T14:55:24.536Z"}
{"level":"info","message":{"method":"GET","responseTime":"3ms","statusCode":304,"url":"/api-docs/swagger-ui.css"},"timestamp":"2026-09-16T14:55:24.613Z"}
{"level":"info","message":{"method":"GET","responseTime":"3ms","statusCode":304,"url":"/api-docs/swagger-ui-bundle.js"},"timestamp":"2026-09-16T14:55:24.621Z"}
{"level":"info","message":{"method":"GET","responseTime":"4ms","statusCode":304,"url":"/api-docs/swagger-ui-standalone-preset.js"},"timestamp":"2026-09-16T14:55:24.633Z"}
{"level":"info","message":{"method":"GET","responseTime":"3ms","statusCode":304,"url":"/api-docs/swagger-ui-init.js"},"timestamp":"2026-09-16T14:55:24.638Z"}
{"level":"info","message":{"method":"GET","responseTime":"4ms","statusCode":304,"url":"/api-docs/"},"timestamp":"2026-09-16T14:55:24.738Z"}
{"level":"info","message":{"method":"GET","responseTime":"1ms","statusCode":304,"url":"/api-docs/favicon-32x32.png"},"timestamp":"2026-09-16T14:55:24.743Z"}
{"level":"info","message":{"method":"GET","responseTime":"4ms","statusCode":304,"url":"/api-docs/swagger-ui-bundle.js"},"timestamp":"2026-09-16T14:55:24.866Z"}
{"level":"info","message":{"method":"GET","responseTime":"9ms","statusCode":304,"url":"/api-docs/swagger-ui-standalone-preset.js"},"timestamp":"2026-09-16T14:55:24.879Z"}
{"level":"info","message":{"method":"GET","responseTime":"4ms","statusCode":304,"url":"/api-docs/swagger-ui-init.js"},"timestamp":"2026-09-16T14:55:24.890Z"}
{"level":"info","message":{"method":"GET","responseTime":"5ms","statusCode":304,"url":"/api-docs/swagger-ui.css"},"timestamp":"2026-09-16T14:55:24.897Z"}
{"level":"info","message":{"method":"GET","responseTime":"4ms","statusCode":304,"url":"/api-docs/"},"timestamp":"2026-09-16T14:55:25.319Z"}
{"level":"info","message":{"method":"GET","responseTime":"1ms","statusCode":304,"url":"/api-docs/swagger-ui.css"},"timestamp":"2026-09-16T14:55:25.426Z"}
{"level":"info","message":{"method":"GET","responseTime":"1ms","statusCode":304,"url":"/api-docs/swagger-ui-bundle.js"},"timestamp":"2026-09-16T14:55:25.433Z"}
{"level":"info","message":{"method":"GET","responseTime":"3ms","statusCode":304,"url":"/api-docs/swagger-ui-standalone-preset.js"},"timestamp":"2026-09-16T14:55:25.443Z"}
{"level":"info","message":{"method":"GET","responseTime":"1ms","statusCode":304,"url":"/api-docs/swagger-ui-init.js"},"timestamp":"2026-09-16T14:55:25.447Z"}
{"level":"info","message":{"method":"GET","responseTime":"1ms","statusCode":304,"url":"/api-docs/favicon-32x32.png"},"timestamp":"2026-09-16T14:55:25.549Z"}
{"level":"info","message":{"method":"GET","responseTime":"1ms","statusCode":304,"url":"/api-docs/"},"timestamp":"2026-09-16T14:55:25.769Z"}
{"level":"info","message":{"method":"GET","responseTime":"5ms","statusCode":304,"url":"/api-docs/swagger-ui.css"},"timestamp":"2026-09-16T14:55:25.850Z"}
{"level":"info","message":{"method":"GET","responseTime":"3ms","statusCode":304,"url":"/api-docs/swagger-ui-init.js"},"timestamp":"2026-09-16T14:55:25.878Z"}
{"level":"info","message":{"method":"GET","responseTime":"6ms","statusCode":304,"url":"/api-docs/swagger-ui-bundle.js"},"timestamp":"2026-09-16T14:55:25.878Z"}
{"level":"info","message":{"method":"GET","responseTime":"6ms","statusCode":304,"url":"/api-docs/swagger-ui-standalone-preset.js"},"timestamp":"2026-09-16T14:55:25.879Z"}
{"level":"info","message":{"method":"GET","responseTime":"3ms","statusCode":304,"url":"/api-docs/favicon-32x32.png"},"timestamp":"2026-09-16T14:55:26.009Z"}
{"level":"info","message":{"method":"GET","responseTime":"3ms","statusCode":304,"url":"/api-docs/"},"timestamp":"2026-09-16T14:55:26.139Z"}
{"level":"info","message":{"method":"GET","responseTime":"6ms","statusCode":304,"url":"/api-docs/swagger-ui-bundle.js"},"timestamp":"2026-09-16T14:55:26.224Z"}
{"level":"info","message":{"method":"GET","responseTime":"8ms","statusCode":304,"url":"/api-docs/swagger-ui.css"},"timestamp":"2026-09-16T14:55:26.229Z"}
{"level":"info","message":{"method":"GET","responseTime":"0ms","statusCode":304,"url":"/api-docs/swagger-ui-init.js"},"timestamp":"2026-09-16T14:55:26.237Z"}
{"level":"info","message":{"method":"GET","responseTime":"7ms","statusCode":304,"url":"/api-docs/swagger-ui-standalone-preset.js"},"timestamp":"2026-09-16T14:55:26.242Z"}
{"level":"info","message":{"method":"GET","responseTime":"6ms","statusCode":304,"url":"/api-docs/"},"timestamp":"2026-09-16T14:55:26.361Z"}
{"level":"info","message":{"method":"GET","responseTime":"1ms","statusCode":304,"url":"/api-docs/swagger-ui.css"},"timestamp":"2026-09-16T14:55:26.462Z"}
{"level":"info","message":{"method":"GET","responseTime":"1ms","statusCode":304,"url":"/api-docs/swagger-ui-bundle.js"},"timestamp":"2026-09-16T14:55:26.470Z"}
{"level":"info","message":{"method":"GET","responseTime":"0ms","statusCode":304,"url":"/api-docs/swagger-ui-standalone-preset.js"},"timestamp":"2026-09-16T14:55:26.476Z"}
{"level":"info","message":{"method":"GET","responseTime":"2ms","statusCode":304,"url":"/api-docs/swagger-ui-init.js"},"timestamp":"2026-09-16T14:55:26.484Z"}
{"level":"info","message":{"method":"GET","responseTime":"1ms","statusCode":304,"url":"/api-docs/favicon-32x32.png"},"timestamp":"2026-09-16T14:55:26.744Z"}
{"level":"info","message":{"method":"GET","responseTime":"2ms","statusCode":304,"url":"/api-docs/"},"timestamp":"2026-09-16T14:55:27.222Z"}
{"level":"info","message":{"method":"GET","responseTime":"3ms","statusCode":304,"url":"/api-docs/swagger-ui.css"},"timestamp":"2026-09-16T14:55:27.381Z"}
{"level":"info","message":{"method":"GET","responseTime":"1ms","statusCode":304,"url":"/api-docs/swagger-ui-standalone-preset.js"},"timestamp":"2026-09-16T14:55:27.397Z"}
{"level":"info","message":{"method":"GET","responseTime":"1ms","statusCode":304,"url":"/api-docs/swagger-ui-bundle.js"},"timestamp":"2026-09-16T14:55:27.403Z"}
{"level":"info","message":{"method":"GET","responseTime":"1ms","statusCode":304,"url":"/api-docs/swagger-ui-init.js"},"timestamp":"2026-09-16T14:55:27.407Z"}
{"level":"info","message":{"method":"GET","responseTime":"2ms","statusCode":304,"url":"/api-docs/favicon-32x32.png"},"timestamp":"2026-09-16T14:55:27.547Z"}
{"level":"info","message":{"method":"GET","responseTime":"1ms","statusCode":304,"url":"/api-docs/"},"timestamp":"2026-09-16T14:55:27.562Z"}
{"level":"info","message":{"method":"GET","responseTime":"2ms","statusCode":304,"url":"/api-docs/swagger-ui.css"},"timestamp":"2026-09-16T14:55:27.673Z"}
{"level":"info","message":{"method":"GET","responseTime":"0ms","statusCode":304,"url":"/api-docs/swagger-ui-bundle.js"},"timestamp":"2026-09-16T14:55:27.676Z"}
{"level":"info","message":{"method":"GET","responseTime":"0ms","statusCode":304,"url":"/api-docs/swagger-ui-init.js"},"timestamp":"2026-09-16T14:55:27.681Z"}
{"level":"info","message":{"method":"GET","responseTime":"0ms","statusCode":304,"url":"/api-docs/swagger-ui-standalone-preset.js"},"timestamp":"2026-09-16T14:55:27.688Z"}
{"level":"info","message":{"method":"GET","responseTime":"3ms","statusCode":304,"url":"/api-docs/"},"timestamp":"2026-09-16T14:55:27.960Z"}
{"level":"info","message":{"method":"GET","responseTime":"3ms","statusCode":304,"url":"/api-docs/swagger-ui.css"},"timestamp":"2026-09-16T14:55:28.058Z"}
{"level":"info","message":{"method":"GET","responseTime":"6ms","statusCode":304,"url":"/api-docs/swagger-ui-init.js"},"timestamp":"2026-09-16T14:55:28.087Z"}
{"level":"info","message":{"method":"GET","responseTime":"24ms","statusCode":304,"url":"/api-docs/swagger-ui-bundle.js"},"timestamp":"2026-09-16T14:55:28.094Z"}
{"level":"info","message":{"method":"GET","responseTime":"19ms","statusCode":304,"url":"/api-docs/swagger-ui-standalone-preset.js"},"timestamp":"2026-09-16T14:55:28.095Z"}
{"level":"info","message":{"method":"GET","responseTime":"12ms","statusCode":304,"url":"/api-docs/favicon-32x32.png"},"timestamp":"2026-09-16T14:55:28.307Z"}
{"level":"info","message":{"method":"GET","responseTime":"5ms","statusCode":304,"url":"/api-docs/"},"timestamp":"2026-09-16T14:55:28.311Z"}
{"level":"info","message":{"method":"GET","responseTime":"2ms","statusCode":304,"url":"/api-docs/swagger-ui-bundle.js"},"timestamp":"2026-09-16T14:55:28.381Z"}
{"level":"info","message":{"method":"GET","responseTime":"0ms","statusCode":304,"url":"/api-docs/swagger-ui-init.js"},"timestamp":"2026-09-16T14:55:28.395Z"}
{"level":"info","message":{"method":"GET","responseTime":"12ms","statusCode":304,"url":"/api-docs/swagger-ui.css"},"timestamp":"2026-09-16T14:55:28.400Z"}
{"level":"info","message":{"method":"GET","responseTime":"8ms","statusCode":304,"url":"/api-docs/swagger-ui-standalone-preset.js"},"timestamp":"2026-09-16T14:55:28.400Z"}
{"level":"info","message":{"method":"GET","responseTime":"8ms","statusCode":200,"url":"/api/v1/metrics"},"timestamp":"2026-09-16T14:55:28.679Z"}
{"level":"info","message":{"method":"GET","responseTime":"2ms","statusCode":304,"url":"/api-docs/"},"timestamp":"2026-09-16T14:55:28.690Z"}
{"level":"info","message":{"method":"GET","responseTime":"1ms","statusCode":304,"url":"/api-docs/swagger-ui.css"},"timestamp":"2026-09-16T14:55:28.864Z"}
{"level":"info","message":{"method":"GET","responseTime":"1ms","statusCode":304,"url":"/api-docs/swagger-ui-bundle.js"},"timestamp":"2026-09-16T14:55:28.871Z"}
{"level":"info","message":{"method":"GET","responseTime":"1ms","statusCode":304,"url":"/api-docs/swagger-ui-standalone-preset.js"},"timestamp":"2026-09-16T14:55:28.881Z"}
{"level":"info","message":{"method":"GET","responseTime":"1ms","statusCode":304,"url":"/api-docs/swagger-ui-init.js"},"timestamp":"2026-09-16T14:55:28.885Z"}
{"level":"info","message":{"method":"GET","responseTime":"0ms","statusCode":304,"url":"/api-docs/favicon-32x32.png"},"timestamp":"2026-09-16T14:55:28.997Z"}
{"level":"info","message":{"method":"GET","responseTime":"1ms","statusCode":304,"url":"/api-docs/"},"timestamp":"2026-09-16T14:55:29.165Z"}
{"level":"info","message":{"method":"GET","responseTime":"1ms","statusCode":304,"url":"/api-docs/swagger-ui-bundle.js"},"timestamp":"2026-09-16T14:55:29.417Z"}
{"level":"info","message":{"method":"GET","responseTime":"2ms","statusCode":304,"url":"/api-docs/swagger-ui-standalone-preset.js"},"timestamp":"2026-09-16T14:55:29.427Z"}
{"level":"info","message":{"method":"GET","responseTime":"3ms","statusCode":304,"url":"/api-docs/swagger-ui-init.js"},"timestamp":"2026-09-16T14:55:29.439Z"}
{"level":"info","message":{"method":"GET","responseTime":"6ms","statusCode":304,"url":"/api-docs/swagger-ui.css"},"timestamp":"2026-09-16T14:55:29.456Z"}
{"level":"info","message":{"method":"GET","responseTime":"1ms","statusCode":304,"url":"/api-docs/favicon-32x32.png"},"timestamp":"2026-09-16T14:55:29.587Z"}
{"level":"info","message":{"method":"GET","responseTime":"2ms","statusCode":304,"url":"/api-docs/"},"timestamp":"2026-09-16T14:55:29.731Z"}
{"level":"info","message":{"method":"GET","responseTime":"1ms","statusCode":304,"url":"/api-docs/swagger-ui-bundle.js"},"timestamp":"2026-09-16T14:55:29.842Z"}
{"level":"info","message":{"method":"GET","responseTime":"2ms","statusCode":304,"url":"/api-docs/swagger-ui-init.js"},"timestamp":"2026-09-16T14:55:29.850Z"}
{"level":"info","message":{"method":"GET","responseTime":"7ms","statusCode":304,"url":"/api-docs/swagger-ui-standalone-preset.js"},"timestamp":"2026-09-16T14:55:29.855Z"}
{"level":"info","message":{"method":"GET","responseTime":"4ms","statusCode":304,"url":"/api-docs/swagger-ui.css"},"timestamp":"2026-09-16T14:55:29.858Z"}
{"level":"info","message":{"method":"GET","responseTime":"5ms","statusCode":304,"url":"/api-docs/favicon-32x32.png"},"timestamp":"2026-09-16T14:55:30.004Z"}
{"level":"info","message":{"method":"GET","responseTime":"7ms","statusCode":304,"url":"/api-docs/"},"timestamp":"2026-09-16T14:55:30.085Z"}
{"level":"info","message":{"method":"GET","responseTime":"3ms","statusCode":304,"url":"/api-docs/swagger-ui.css"},"timestamp":"2026-09-16T14:55:30.180Z"}
{"level":"info","message":{"method":"GET","responseTime":"6ms","statusCode":304,"url":"/api-docs/swagger-ui-bundle.js"},"timestamp":"2026-09-16T14:55:30.197Z"}
{"level":"info","message":{"method":"GET","responseTime":"1ms","statusCode":304,"url":"/api-docs/swagger-ui-init.js"},"timestamp":"2026-09-16T14:55:30.202Z"}
{"level":"info","message":{"method":"GET","responseTime":"4ms","statusCode":304,"url":"/api-docs/swagger-ui-standalone-preset.js"},"timestamp":"2026-09-16T14:55:30.202Z"}
{"level":"info","message":{"method":"GET","responseTime":"1ms","statusCode":304,"url":"/api-docs/"},"timestamp":"2026-09-16T14:55:31.447Z"}
{"level":"info","message":{"method":"GET","responseTime":"1ms","statusCode":304,"url":"/api-docs/swagger-ui-bundle.js"},"timestamp":"2026-09-16T14:55:31.593Z"}
{"level":"info","message":{"method":"GET","responseTime":"3ms","statusCode":304,"url":"/api-docs/swagger-ui.css"},"timestamp":"2026-09-16T14:55:31.598Z"}
{"level":"info","message":{"method":"GET","responseTime":"5ms","statusCode":304,"url":"/api-docs/swagger-ui-standalone-preset.js"},"timestamp":"2026-09-16T14:55:31.613Z"}
{"level":"info","message":{"method":"GET","responseTime":"2ms","statusCode":304,"url":"/api-docs/swagger-ui-init.js"},"timestamp":"2026-09-16T14:55:31.617Z"}
{"level":"info","message":{"method":"GET","responseTime":"2ms","statusCode":304,"url":"/api-docs/favicon-32x32.png"},"timestamp":"2026-09-16T14:55:31.780Z"}
{"level":"info","message":{"method":"GET","responseTime":"4ms","statusCode":304,"url":"/api-docs/"},"timestamp":"2026-09-16T14:55:31.838Z"}
{"level":"info","message":{"method":"GET","responseTime":"3ms","statusCode":304,"url":"/api-docs/swagger-ui.css"},"timestamp":"2026-09-16T14:55:31.930Z"}
{"level":"info","message":{"method":"GET","responseTime":"1ms","statusCode":304,"url":"/api-docs/swagger-ui-bundle.js"},"timestamp":"2026-09-16T14:55:31.941Z"}
{"level":"info","message":{"method":"GET","responseTime":"0ms","statusCode":304,"url":"/api-docs/swagger-ui-standalone-preset.js"},"timestamp":"2026-09-16T14:55:31.948Z"}
{"level":"info","message":{"method":"GET","responseTime":"2ms","statusCode":304,"url":"/api-docs/swagger-ui-init.js"},"timestamp":"2026-09-16T14:55:31.958Z"}
{"level":"info","message":{"method":"GET","responseTime":"3ms","statusCode":200,"url":"/api/v1/metrics"},"timestamp":"2026-09-16T14:55:43.673Z"}
{"level":"info","message":{"method":"GET","responseTime":"7ms","statusCode":200,"url":"/api/v1/metrics"},"timestamp":"2026-09-16T14:55:58.677Z"}
{"level":"info","message":{"method":"GET","responseTime":"6ms","statusCode":200,"url":"/api/v1/metrics"},"timestamp":"2026-09-16T14:56:13.678Z"}
{"level":"info","message":{"method":"GET","responseTime":"5ms","statusCode":200,"url":"/api/v1/metrics"},"timestamp":"2026-09-16T14:56:28.675Z"}
{"level":"info","message":{"method":"GET","responseTime":"2ms","statusCode":404,"url":"/"},"timestamp":"2026-09-16T14:56:42.907Z"}
{"level":"info","message":{"method":"GET","responseTime":"6ms","statusCode":200,"url":"/api/v1/metrics"},"timestamp":"2026-09-16T14:56:43.676Z"}
{"level":"info","message":{"method":"GET","responseTime":"8ms","statusCode":200,"url":"/api/v1/metrics"},"timestamp":"2026-09-16T14:56:58.679Z"}
{"level":"info","message":"OTP generated and email queued: EMAIL_VERIFICATION","timestamp":"2026-09-16T14:57:00.998Z"}
{"level":"info","message":"Signup OTP generated and email queued for: nikhilsinghd2345@gmail.com","timestamp":"2026-09-16T14:57:00.999Z"}
{"level":"info","message":{"method":"POST","responseTime":"156ms","statusCode":201,"url":"/api/v1/signup"},"timestamp":"2026-09-16T14:57:01.000Z"}
{"level":"info","message":"Processing email job: 1","timestamp":"2026-09-16T14:57:01.008Z"}
{"level":"error","message":"Email sending failed: nikhilsinghd2345@gmail.com - {\"message\":\"Key not found\",\"code\":\"unauthorized\"}\n","timestamp":"2026-09-16T14:57:01.807Z"}
{"error":"Failed to send email","jobId":"1","level":"error","message":"Invoice email job failed","stack":"Error: Failed to send email\n    at sendEmail (file:///workspaces/invoice-Genrator/Backend/src/service/auth/email.service.js:64:19)\n    at process.processTicksAndRejections (node:internal/process/task_queues:104:5)\n    at async Worker.connection [as processFn] (file:///workspaces/invoice-Genrator/Backend/src/worker/email.worker.js:22:5)\n    at async /workspaces/invoice-Genrator/Backend/node_modules/bullmq/dist/cjs/classes/worker.js:582:32","timestamp":"2026-09-16T14:57:01.821Z"}
{"level":"info","message":"Processing email job: 1","timestamp":"2026-09-16T14:57:06.826Z"}
{"level":"error","message":"Email sending failed: nikhilsinghd2345@gmail.com - {\"message\":\"Key not found\",\"code\":\"unauthorized\"}\n","timestamp":"2026-09-16T14:57:07.674Z"}
{"error":"Failed to send email","jobId":"1","level":"error","message":"Invoice email job failed","stack":"Error: Failed to send email\n    at sendEmail (file:///workspaces/invoice-Genrator/Backend/src/service/auth/email.service.js:64:19)\n    at process.processTicksAndRejections (node:internal/process/task_queues:104:5)\n    at async Worker.connection [as processFn] (file:///workspaces/invoice-Genrator/Backend/src/worker/email.worker.js:22:5)\n    at async /workspaces/invoice-Genrator/Backend/node_modules/bullmq/dist/cjs/classes/worker.js:582:32","timestamp":"2026-09-16T14:57:07.680Z"}
{"level":"info","message":{"method":"GET","responseTime":"6ms","statusCode":200,"url":"/api/v1/metrics"},"timestamp":"2026-09-16T14:57:13.676Z"}
{"level":"info","message":"Processing email job: 1","timestamp":"2026-09-16T14:57:17.691Z"}
{"level":"error","message":"Email sending failed: nikhilsinghd2345@gmail.com - {\"message\":\"Key not found\",\"code\":\"unauthorized\"}\n","timestamp":"2026-09-16T14:57:18.523Z"}
{"error":"Failed to send email","jobId":"1","level":"error","message":"Invoice email job failed","stack":"Error: Failed to send email\n    at sendEmail (file:///workspaces/invoice-Genrator/Backend/src/service/auth/email.service.js:64:19)\n    at process.processTicksAndRejections (node:internal/process/task_queues:104:5)\n    at async Worker.connection [as processFn] (file:///workspaces/invoice-Genrator/Backend/src/worker/email.worker.js:22:5)\n    at async /workspaces/invoice-Genrator/Backend/node_modules/bullmq/dist/cjs/classes/worker.js:582:32","timestamp":"2026-09-16T14:57:18.537Z"}
{"level":"info","message":{"method":"GET","responseTime":"5ms","statusCode":200,"url":"/api/v1/metrics"},"timestamp":"2026-09-16T14:57:28.676Z"}
{"level":"info","message":"OTP generated and email queued: EMAIL_VERIFICATION","timestamp":"2026-09-16T14:57:36.246Z"}
{"level":"info","message":"Signup OTP generated and email queued for: nikhilsinghd11346@gmail.com","timestamp":"2026-09-16T14:57:36.246Z"}
{"level":"info","message":{"method":"POST","responseTime":"99ms","statusCode":201,"url":"/api/v1/signup"},"timestamp":"2026-09-16T14:57:36.247Z"}
{"level":"info","message":"Processing email job: 2","timestamp":"2026-09-16T14:57:36.273Z"}
{"level":"error","message":"Email sending failed: nikhilsinghd11346@gmail.com - {\"message\":\"Key not found\",\"code\":\"unauthorized\"}\n","timestamp":"2026-09-16T14:57:37.079Z"}
{"error":"Failed to send email","jobId":"2","level":"error","message":"Invoice email job failed","stack":"Error: Failed to send email\n    at sendEmail (file:///workspaces/invoice-Genrator/Backend/src/service/auth/email.service.js:64:19)\n    at process.processTicksAndRejections (node:internal/process/task_queues:104:5)\n    at async Worker.connection [as processFn] (file:///workspaces/invoice-Genrator/Backend/src/worker/email.worker.js:22:5)\n    at async /workspaces/invoice-Genrator/Backend/node_modules/bullmq/dist/cjs/classes/worker.js:582:32","timestamp":"2026-09-16T14:57:37.085Z"}
{"level":"info","message":"Processing email job: 2","timestamp":"2026-09-16T14:57:42.095Z"}
{"level":"error","message":"Email sending failed: nikhilsinghd11346@gmail.com - {\"message\":\"Key not found\",\"code\":\"unauthorized\"}\n","timestamp":"2026-09-16T14:57:42.684Z"}
{"error":"Failed to send email","jobId":"2","level":"error","message":"Invoice email job failed","stack":"Error: Failed to send email\n    at sendEmail (file:///workspaces/invoice-Genrator/Backend/src/service/auth/email.service.js:64:19)\n    at process.processTicksAndRejections (node:internal/process/task_queues:104:5)\n    at async Worker.connection [as processFn] (file:///workspaces/invoice-Genrator/Backend/src/worker/email.worker.js:22:5)\n    at async /workspaces/invoice-Genrator/Backend/node_modules/bullmq/dist/cjs/classes/worker.js:582:32","timestamp":"2026-09-16T14:57:42.690Z"}
{"level":"info","message":{"method":"GET","responseTime":"4ms","statusCode":200,"url":"/api/v1/metrics"},"timestamp":"2026-09-16T14:57:43.674Z"}
{"level":"info","message":"Processing email job: 2","timestamp":"2026-09-16T14:57:52.700Z"}
{"level":"error","message":"Email sending failed: nikhilsinghd11346@gmail.com - {\"message\":\"Key not found\",\"code\":\"unauthorized\"}\n","timestamp":"2026-09-16T14:57:53.572Z"}
{"error":"Failed to send email","jobId":"2","level":"error","message":"Invoice email job failed","stack":"Error: Failed to send email\n    at sendEmail (file:///workspaces/invoice-Genrator/Backend/src/service/auth/email.service.js:64:19)\n    at process.processTicksAndRejections (node:internal/process/task_queues:104:5)\n    at async Worker.connection [as processFn] (file:///workspaces/invoice-Genrator/Backend/src/worker/email.worker.js:22:5)\n    at async /workspaces/invoice-Genrator/Backend/node_modules/bullmq/dist/cjs/classes/worker.js:582:32","timestamp":"2026-09-16T14:57:53.582Z"}
{"level":"info","message":{"method":"GET","responseTime":"5ms","statusCode":200,"url":"/api/v1/metrics"},"timestamp":"2026-09-16T14:57:58.675Z"}
{"level":"info","message":"Graceful shutdown started...","timestamp":"2026-09-16T14:58:05.618Z"}
{"level":"info","message":"HTTP server closed","timestamp":"2026-09-16T14:58:05.621Z"}
{"level":"info","message":"Workers closed","timestamp":"2026-09-16T14:58:05.647Z"}
{"level":"info","message":"Redis connection closed","timestamp":"2026-09-16T14:58:05.660Z"}
{"level":"info","message":"OTP generated and email queued: EMAIL_VERIFICATION","timestamp":"2026-09-16T14:58:32.622Z"}
{"level":"info","message":"Signup OTP generated and email queued for: nikhilsinghd11346@gmail.com","timestamp":"2026-09-16T14:58:32.624Z"}
{"level":"info","message":{"method":"POST","responseTime":"148ms","statusCode":201,"url":"/api/v1/signup"},"timestamp":"2026-09-16T14:58:32.630Z"}
{"level":"info","message":"Processing email job: 3","timestamp":"2026-09-16T14:58:32.639Z"}
{"level":"error","message":"Email sending failed: nikhilsinghd11346@gmail.com - {\"message\":\"Key not found\",\"code\":\"unauthorized\"}\n","timestamp":"2026-09-16T14:58:33.536Z"}
{"error":"Failed to send email","jobId":"3","level":"error","message":"Invoice email job failed","stack":"Error: Failed to send email\n    at sendEmail (file:///workspaces/invoice-Genrator/Backend/src/service/auth/email.service.js:64:19)\n    at process.processTicksAndRejections (node:internal/process/task_queues:104:5)\n    at async Worker.connection [as processFn] (file:///workspaces/invoice-Genrator/Backend/src/worker/email.worker.js:22:5)\n    at async /workspaces/invoice-Genrator/Backend/node_modules/bullmq/dist/cjs/classes/worker.js:582:32","timestamp":"2026-09-16T14:58:33.552Z"}
{"level":"info","message":"Processing email job: 3","timestamp":"2026-09-16T14:58:38.550Z"}
{"level":"error","message":"Email sending failed: nikhilsinghd11346@gmail.com - {\"message\":\"Key not found\",\"code\":\"unauthorized\"}\n","timestamp":"2026-09-16T14:58:39.431Z"}
{"error":"Failed to send email","jobId":"3","level":"error","message":"Invoice email job failed","stack":"Error: Failed to send email\n    at sendEmail (file:///workspaces/invoice-Genrator/Backend/src/service/auth/email.service.js:64:19)\n    at process.processTicksAndRejections (node:internal/process/task_queues:104:5)\n    at async Worker.connection [as processFn] (file:///workspaces/invoice-Genrator/Backend/src/worker/email.worker.js:22:5)\n    at async /workspaces/invoice-Genrator/Backend/node_modules/bullmq/dist/cjs/classes/worker.js:582:32","timestamp":"2026-09-16T14:58:39.438Z"}
{"level":"info","message":{"method":"GET","responseTime":"9ms","statusCode":200,"url":"/api/v1/metrics"},"timestamp":"2026-09-16T14:58:43.681Z"}
{"level":"info","message":"Processing email job: 3","timestamp":"2026-09-16T14:58:49.443Z"}
{"level":"error","message":"Email sending failed: nikhilsinghd11346@gmail.com - {\"message\":\"Key not found\",\"code\":\"unauthorized\"}\n","timestamp":"2026-09-16T14:58:50.347Z"}
{"error":"Failed to send email","jobId":"3","level":"error","message":"Invoice email job failed","stack":"Error: Failed to send email\n    at sendEmail (file:///workspaces/invoice-Genrator/Backend/src/service/auth/email.service.js:64:19)\n    at process.processTicksAndRejections (node:internal/process/task_queues:104:5)\n    at async Worker.connection [as processFn] (file:///workspaces/invoice-Genrator/Backend/src/worker/email.worker.js:22:5)\n    at async /workspaces/invoice-Genrator/Backend/node_modules/bullmq/dist/cjs/classes/worker.js:582:32","timestamp":"2026-09-16T14:58:50.364Z"}
{"level":"info","message":{"method":"GET","responseTime":"7ms","statusCode":200,"url":"/api/v1/metrics"},"timestamp":"2026-09-16T14:58:58.679Z"}
{"level":"info","message":{"method":"GET","responseTime":"4ms","statusCode":200,"url":"/api/v1/metrics"},"timestamp":"2026-09-16T14:59:13.675Z"}
{"level":"info","message":{"method":"GET","responseTime":"4ms","statusCode":200,"url":"/api/v1/metrics"},"timestamp":"2026-09-16T14:59:28.675Z"}
{"level":"info","message":{"method":"GET","responseTime":"5ms","statusCode":200,"url":"/api/v1/metrics"},"timestamp":"2026-09-16T14:59:43.675Z"}
{"level":"info","message":{"method":"GET","responseTime":"5ms","statusCode":200,"url":"/api/v1/metrics"},"timestamp":"2026-09-16T14:59:58.676Z"}
{"level":"info","message":"OTP generated and email queued: EMAIL_VERIFICATION","timestamp":"2026-09-16T15:00:03.863Z"}
{"level":"info","message":"Signup OTP generated and email queued for: nikhilsinghd11346@gmail.com","timestamp":"2026-09-16T15:00:03.864Z"}
{"level":"info","message":{"method":"POST","responseTime":"107ms","statusCode":201,"url":"/api/v1/signup"},"timestamp":"2026-09-16T15:00:03.867Z"}
{"level":"info","message":"Processing email job: 4","timestamp":"2026-09-16T15:00:03.870Z"}
{"level":"error","message":"Email sending failed: nikhilsinghd11346@gmail.com - {\"message\":\"Key not found\",\"code\":\"unauthorized\"}\n","timestamp":"2026-09-16T15:00:04.620Z"}
{"error":"Failed to send email","jobId":"4","level":"error","message":"Invoice email job failed","stack":"Error: Failed to send email\n    at sendEmail (file:///workspaces/invoice-Genrator/Backend/src/service/auth/email.service.js:64:19)\n    at process.processTicksAndRejections (node:internal/process/task_queues:104:5)\n    at async Worker.connection [as processFn] (file:///workspaces/invoice-Genrator/Backend/src/worker/email.worker.js:22:5)\n    at async /workspaces/invoice-Genrator/Backend/node_modules/bullmq/dist/cjs/classes/worker.js:582:32","timestamp":"2026-09-16T15:00:04.634Z"}
{"level":"info","message":"Processing email job: 4","timestamp":"2026-09-16T15:00:09.633Z"}
{"level":"error","message":"Email sending failed: nikhilsinghd11346@gmail.com - {\"message\":\"Key not found\",\"code\":\"unauthorized\"}\n","timestamp":"2026-09-16T15:00:10.517Z"}
{"error":"Failed to send email","jobId":"4","level":"error","message":"Invoice email job failed","stack":"Error: Failed to send email\n    at sendEmail (file:///workspaces/invoice-Genrator/Backend/src/service/auth/email.service.js:64:19)\n    at process.processTicksAndRejections (node:internal/process/task_queues:104:5)\n    at async Worker.connection [as processFn] (file:///workspaces/invoice-Genrator/Backend/src/worker/email.worker.js:22:5)\n    at async /workspaces/invoice-Genrator/Backend/node_modules/bullmq/dist/cjs/classes/worker.js:582:32","timestamp":"2026-09-16T15:00:10.525Z"}
{"level":"info","message":{"method":"GET","responseTime":"5ms","statusCode":200,"url":"/api/v1/metrics"},"timestamp":"2026-09-16T15:00:13.676Z"}
{"level":"info","message":"Processing email job: 4","timestamp":"2026-09-16T15:00:20.530Z"}
{"level":"error","message":"Email sending failed: nikhilsinghd11346@gmail.com - {\"message\":\"Key not found\",\"code\":\"unauthorized\"}\n","timestamp":"2026-09-16T15:00:21.364Z"}
{"error":"Failed to send email","jobId":"4","level":"error","message":"Invoice email job failed","stack":"Error: Failed to send email\n    at sendEmail (file:///workspaces/invoice-Genrator/Backend/src/service/auth/email.service.js:64:19)\n    at process.processTicksAndRejections (node:internal/process/task_queues:104:5)\n    at async Worker.connection [as processFn] (file:///workspaces/invoice-Genrator/Backend/src/worker/email.worker.js:22:5)\n    at async /workspaces/invoice-Genrator/Backend/node_modules/bullmq/dist/cjs/classes/worker.js:582:32","timestamp":"2026-09-16T15:00:21.371Z"}
{"level":"info","message":{"method":"HEAD","responseTime":"1ms","statusCode":404,"url":"/"},"timestamp":"2026-09-16T15:00:28.486Z"}
{"level":"info","message":{"method":"GET","responseTime":"2ms","statusCode":404,"url":"/"},"timestamp":"2026-09-16T15:00:28.498Z"}
{"level":"info","message":{"method":"GET","responseTime":"5ms","statusCode":200,"url":"/api/v1/metrics"},"timestamp":"2026-09-16T15:00:28.675Z"}
{"level":"info","message":{"method":"GET","responseTime":"4ms","statusCode":200,"url":"/api/v1/metrics"},"timestamp":"2026-09-16T15:00:43.674Z"}
{"level":"info","message":{"method":"GET","responseTime":"5ms","statusCode":200,"url":"/api/v1/metrics"},"timestamp":"2026-09-16T15:00:58.676Z"}
{"level":"info","message":{"method":"GET","responseTime":"3ms","statusCode":200,"url":"/api/v1/metrics"},"timestamp":"2026-09-16T15:01:13.673Z"}
{"level":"info","message":{"method":"GET","responseTime":"3ms","statusCode":200,"url":"/api/v1/metrics"},"timestamp":"2026-09-16T15:01:28.673Z"}
{"level":"info","message":{"method":"GET","responseTime":"4ms","statusCode":200,"url":"/api/v1/metrics"},"timestamp":"2026-09-16T15:01:43.674Z"}
{"level":"info","message":{"method":"GET","responseTime":"2ms","statusCode":200,"url":"/api/v1/metrics"},"timestamp":"2026-09-16T15:01:58.672Z"}
{"level":"info","message":{"method":"GET","responseTime":"4ms","statusCode":200,"url":"/api/v1/metrics"},"timestamp":"2026-09-16T15:02:13.674Z"}
{"level":"info","message":{"method":"GET","responseTime":"8ms","statusCode":200,"url":"/api/v1/metrics"},"timestamp":"2026-09-16T15:02:28.678Z"}
{"level":"info","message":{"method":"GET","responseTime":"4ms","statusCode":200,"url":"/api/v1/metrics"},"timestamp":"2026-09-16T15:02:43.674Z"}
{"level":"info","message":{"method":"GET","responseTime":"3ms","statusCode":200,"url":"/api/v1/metrics"},"timestamp":"2026-09-16T15:02:58.672Z"}
{"level":"info","message":{"method":"GET","responseTime":"4ms","statusCode":200,"url":"/api/v1/metrics"},"timestamp":"2026-09-16T15:03:13.674Z"}
{"level":"info","message":{"method":"GET","responseTime":"3ms","statusCode":200,"url":"/api/v1/metrics"},"timestamp":"2026-09-16T15:03:28.673Z"}
{"level":"info","message":{"method":"GET","responseTime":"4ms","statusCode":200,"url":"/api/v1/metrics"},"timestamp":"2026-09-16T15:03:43.675Z"}
{"level":"info","message":{"method":"GET","responseTime":"4ms","statusCode":200,"url":"/api/v1/metrics"},"timestamp":"2026-09-16T15:03:58.677Z"}
{"level":"info","message":{"method":"GET","responseTime":"2ms","statusCode":200,"url":"/api/v1/metrics"},"timestamp":"2026-09-16T15:04:13.673Z"}
{"level":"info","message":{"method":"GET","responseTime":"4ms","statusCode":200,"url":"/api/v1/metrics"},"timestamp":"2026-09-16T15:04:28.673Z"}
{"level":"info","message":{"method":"GET","responseTime":"6ms","statusCode":200,"url":"/api/v1/metrics"},"timestamp":"2026-09-16T15:04:43.676Z"}
{"level":"info","message":{"method":"GET","responseTime":"4ms","statusCode":200,"url":"/api/v1/metrics"},"timestamp":"2026-09-16T15:04:58.674Z"}
{"level":"info","message":{"method":"GET","responseTime":"3ms","statusCode":200,"url":"/api/v1/metrics"},"timestamp":"2026-09-16T15:05:13.673Z"}
{"level":"info","message":{"method":"GET","responseTime":"5ms","statusCode":200,"url":"/api/v1/metrics"},"timestamp":"2026-09-16T15:05:28.674Z"}
{"level":"info","message":{"method":"GET","responseTime":"4ms","statusCode":200,"url":"/api/v1/metrics"},"timestamp":"2026-09-16T15:05:43.674Z"}
{"level":"info","message":{"method":"GET","responseTime":"3ms","statusCode":200,"url":"/api/v1/metrics"},"timestamp":"2026-09-16T15:05:58.672Z"}
{"level":"info","message":{"method":"GET","responseTime":"4ms","statusCode":200,"url":"/api/v1/metrics"},"timestamp":"2026-09-16T15:06:13.674Z"}
{"level":"info","message":{"method":"GET","responseTime":"4ms","statusCode":200,"url":"/api/v1/metrics"},"timestamp":"2026-09-16T15:06:28.673Z"}
{"level":"info","message":{"method":"GET","responseTime":"4ms","statusCode":200,"url":"/api/v1/metrics"},"timestamp":"2026-09-16T15:06:43.673Z"}
{"level":"info","message":{"method":"GET","responseTime":"3ms","statusCode":200,"url":"/api/v1/metrics"},"timestamp":"2026-09-16T15:06:58.673Z"}
{"level":"info","message":{"method":"GET","responseTime":"4ms","statusCode":200,"url":"/api/v1/metrics"},"timestamp":"2026-09-16T15:07:13.675Z"}
{"level":"info","message":{"method":"GET","responseTime":"4ms","statusCode":200,"url":"/api/v1/metrics"},"timestamp":"2026-09-16T15:07:28.674Z"}
{"level":"info","message":{"method":"GET","responseTime":"4ms","statusCode":200,"url":"/api/v1/metrics"},"timestamp":"2026-09-16T15:07:43.673Z"}
{"level":"info","message":{"method":"GET","responseTime":"4ms","statusCode":200,"url":"/api/v1/metrics"},"timestamp":"2026-09-16T15:07:58.673Z"}
{"level":"info","message":{"method":"GET","responseTime":"5ms","statusCode":200,"url":"/api/v1/metrics"},"timestamp":"2026-09-16T15:08:13.675Z"}
{"level":"info","message":{"method":"GET","responseTime":"2ms","statusCode":200,"url":"/api/v1/metrics"},"timestamp":"2026-09-16T15:08:28.672Z"}
{"level":"info","message":{"method":"GET","responseTime":"3ms","statusCode":200,"url":"/api/v1/metrics"},"timestamp":"2026-09-16T15:08:43.672Z"}
{"level":"info","message":{"method":"GET","responseTime":"6ms","statusCode":200,"url":"/api/v1/metrics"},"timestamp":"2026-09-16T15:08:58.676Z"}
{"level":"info","message":{"method":"GET","responseTime":"3ms","statusCode":200,"url":"/api/v1/metrics"},"timestamp":"2026-09-16T15:09:13.672Z"}
{"level":"info","message":{"method":"GET","responseTime":"3ms","statusCode":200,"url":"/api/v1/metrics"},"timestamp":"2026-09-16T15:09:28.673Z"}
{"level":"info","message":{"method":"GET","responseTime":"6ms","statusCode":200,"url":"/api/v1/metrics"},"timestamp":"2026-09-16T15:09:43.675Z"}
{"level":"info","message":{"method":"GET","responseTime":"4ms","statusCode":200,"url":"/api/v1/metrics"},"timestamp":"2026-09-16T15:09:58.673Z"}
{"level":"info","message":{"method":"GET","responseTime":"5ms","statusCode":200,"url":"/api/v1/metrics"},"timestamp":"2026-09-16T15:10:13.675Z"}
{"level":"info","message":"OTP generated and email queued: EMAIL_VERIFICATION","timestamp":"2026-09-16T15:10:22.177Z"}
{"level":"info","message":"Signup OTP generated and email queued for: nikhilsinghd11346@gmail.com","timestamp":"2026-09-16T15:10:22.177Z"}
{"level":"info","message":{"method":"POST","responseTime":"103ms","statusCode":201,"url":"/api/v1/signup"},"timestamp":"2026-09-16T15:10:22.180Z"}
{"level":"info","message":"Processing email job: 5","timestamp":"2026-09-16T15:10:22.184Z"}
{"level":"error","message":"Email sending failed: nikhilsinghd11346@gmail.com - {\"message\":\"Key not found\",\"code\":\"unauthorized\"}\n","timestamp":"2026-09-16T15:10:23.046Z"}
{"error":"Failed to send email","jobId":"5","level":"error","message":"Invoice email job failed","stack":"Error: Failed to send email\n    at sendEmail (file:///workspaces/invoice-Genrator/Backend/src/service/auth/email.service.js:64:19)\n    at process.processTicksAndRejections (node:internal/process/task_queues:104:5)\n    at async Worker.connection [as processFn] (file:///workspaces/invoice-Genrator/Backend/src/worker/email.worker.js:22:5)\n    at async /workspaces/invoice-Genrator/Backend/node_modules/bullmq/dist/cjs/classes/worker.js:582:32","timestamp":"2026-09-16T15:10:23.053Z"}
{"level":"info","message":"Processing email job: 5","timestamp":"2026-09-16T15:10:28.057Z"}
{"level":"info","message":{"method":"GET","responseTime":"4ms","statusCode":200,"url":"/api/v1/metrics"},"timestamp":"2026-09-16T15:10:28.675Z"}
{"level":"error","message":"Email sending failed: nikhilsinghd11346@gmail.com - {\"message\":\"Key not found\",\"code\":\"unauthorized\"}\n","timestamp":"2026-09-16T15:10:28.927Z"}
{"error":"Failed to send email","jobId":"5","level":"error","message":"Invoice email job failed","stack":"Error: Failed to send email\n    at sendEmail (file:///workspaces/invoice-Genrator/Backend/src/service/auth/email.service.js:64:19)\n    at process.processTicksAndRejections (node:internal/process/task_queues:104:5)\n    at async Worker.connection [as processFn] (file:///workspaces/invoice-Genrator/Backend/src/worker/email.worker.js:22:5)\n    at async /workspaces/invoice-Genrator/Backend/node_modules/bullmq/dist/cjs/classes/worker.js:582:32","timestamp":"2026-09-16T15:10:28.934Z"}
{"level":"info","message":"OTP generated and email queued: EMAIL_VERIFICATION","timestamp":"2026-09-16T15:10:38.739Z"}
{"level":"info","message":"Signup OTP generated and email queued for: nikhilsingh11346@gmail.com","timestamp":"2026-09-16T15:10:38.739Z"}
{"level":"info","message":{"method":"POST","responseTime":"97ms","statusCode":201,"url":"/api/v1/signup"},"timestamp":"2026-09-16T15:10:38.741Z"}
{"level":"info","message":"Processing email job: 6","timestamp":"2026-09-16T15:10:38.745Z"}
{"level":"info","message":"Processing email job: 5","timestamp":"2026-09-16T15:10:38.939Z"}
{"level":"error","message":"Email sending failed: nikhilsingh11346@gmail.com - {\"message\":\"Key not found\",\"code\":\"unauthorized\"}\n","timestamp":"2026-09-16T15:10:39.596Z"}
{"error":"Failed to send email","jobId":"6","level":"error","message":"Invoice email job failed","stack":"Error: Failed to send email\n    at sendEmail (file:///workspaces/invoice-Genrator/Backend/src/service/auth/email.service.js:64:19)\n    at process.processTicksAndRejections (node:internal/process/task_queues:104:5)\n    at async Worker.connection [as processFn] (file:///workspaces/invoice-Genrator/Backend/src/worker/email.worker.js:22:5)\n    at async /workspaces/invoice-Genrator/Backend/node_modules/bullmq/dist/cjs/classes/worker.js:582:32","timestamp":"2026-09-16T15:10:39.603Z"}
{"level":"error","message":"Email sending failed: nikhilsinghd11346@gmail.com - {\"message\":\"Key not found\",\"code\":\"unauthorized\"}\n","timestamp":"2026-09-16T15:10:39.833Z"}
{"error":"Failed to send email","jobId":"5","level":"error","message":"Invoice email job failed","stack":"Error: Failed to send email\n    at sendEmail (file:///workspaces/invoice-Genrator/Backend/src/service/auth/email.service.js:64:19)\n    at process.processTicksAndRejections (node:internal/process/task_queues:104:5)\n    at async Worker.connection [as processFn] (file:///workspaces/invoice-Genrator/Backend/src/worker/email.worker.js:22:5)\n    at async /workspaces/invoice-Genrator/Backend/node_modules/bullmq/dist/cjs/classes/worker.js:582:32","timestamp":"2026-09-16T15:10:39.839Z"}
{"level":"info","message":{"method":"GET","responseTime":"3ms","statusCode":200,"url":"/api/v1/metrics"},"timestamp":"2026-09-16T15:10:43.672Z"}
{"level":"info","message":"Processing email job: 6","timestamp":"2026-09-16T15:10:44.609Z"}
{"level":"error","message":"Email sending failed: nikhilsingh11346@gmail.com - {\"message\":\"Key not found\",\"code\":\"unauthorized\"}\n","timestamp":"2026-09-16T15:10:45.502Z"}
{"error":"Failed to send email","jobId":"6","level":"error","message":"Invoice email job failed","stack":"Error: Failed to send email\n    at sendEmail (file:///workspaces/invoice-Genrator/Backend/src/service/auth/email.service.js:64:19)\n    at process.processTicksAndRejections (node:internal/process/task_queues:104:5)\n    at async Worker.connection [as processFn] (file:///workspaces/invoice-Genrator/Backend/src/worker/email.worker.js:22:5)\n    at async /workspaces/invoice-Genrator/Backend/node_modules/bullmq/dist/cjs/classes/worker.js:582:32","timestamp":"2026-09-16T15:10:45.509Z"}
{"level":"info","message":"Processing email job: 6","timestamp":"2026-09-16T15:10:55.514Z"}
{"level":"error","message":"Email sending failed: nikhilsingh11346@gmail.com - {\"message\":\"Key not found\",\"code\":\"unauthorized\"}\n","timestamp":"2026-09-16T15:10:56.400Z"}
{"error":"Failed to send email","jobId":"6","level":"error","message":"Invoice email job failed","stack":"Error: Failed to send email\n    at sendEmail (file:///workspaces/invoice-Genrator/Backend/src/service/auth/email.service.js:64:19)\n    at process.processTicksAndRejections (node:internal/process/task_queues:104:5)\n    at async Worker.connection [as processFn] (file:///workspaces/invoice-Genrator/Backend/src/worker/email.worker.js:22:5)\n    at async /workspaces/invoice-Genrator/Backend/node_modules/bullmq/dist/cjs/classes/worker.js:582:32","timestamp":"2026-09-16T15:10:56.409Z"}
{"level":"info","message":{"method":"GET","responseTime":"7ms","statusCode":200,"url":"/api/v1/metrics"},"timestamp":"2026-09-16T15:10:58.677Z"}
{"level":"info","message":{"method":"GET","responseTime":"4ms","statusCode":200,"url":"/api/v1/metrics"},"timestamp":"2026-09-16T15:11:13.673Z"}
{"level":"info","message":{"method":"GET","responseTime":"3ms","statusCode":200,"url":"/api/v1/metrics"},"timestamp":"2026-09-16T15:11:28.674Z"}
{"level":"info","message":{"method":"GET","responseTime":"4ms","statusCode":200,"url":"/api/v1/metrics"},"timestamp":"2026-09-16T15:11:43.673Z"}
{"level":"info","message":{"method":"GET","responseTime":"3ms","statusCode":200,"url":"/api/v1/metrics"},"timestamp":"2026-09-16T15:11:58.672Z"}
{"level":"info","message":{"method":"GET","responseTime":"3ms","statusCode":200,"url":"/api/v1/metrics"},"timestamp":"2026-09-16T15:12:13.675Z"}
{"level":"info","message":{"method":"GET","responseTime":"3ms","statusCode":404,"url":"/favicon.ico"},"timestamp":"2026-09-17T13:06:48.891Z"}
{"level":"info","message":{"method":"GET","responseTime":"7ms","statusCode":200,"url":"/api/v1/metrics"},"timestamp":"2026-09-17T13:06:50.274Z"}
{"level":"info","message":{"method":"GET","responseTime":"2ms","statusCode":301,"url":"/api-docs"},"timestamp":"2026-09-17T13:07:05.031Z"}
{"level":"info","message":{"method":"GET","responseTime":"4ms","statusCode":304,"url":"/api-docs/"},"timestamp":"2026-09-17T13:07:05.189Z"}
{"level":"info","message":{"method":"GET","responseTime":"7ms","statusCode":200,"url":"/api/v1/metrics"},"timestamp":"2026-09-17T13:07:05.271Z"}
{"level":"info","message":{"method":"GET","responseTime":"2ms","statusCode":200,"url":"/api-docs/swagger-ui-init.js"},"timestamp":"2026-09-17T13:07:05.473Z"}
{"level":"info","message":{"method":"GET","responseTime":"1ms","statusCode":304,"url":"/api-docs/swagger-ui.css"},"timestamp":"2026-09-17T13:07:05.518Z"}
{"level":"info","message":{"method":"GET","responseTime":"1ms","statusCode":304,"url":"/api-docs/swagger-ui-standalone-preset.js"},"timestamp":"2026-09-17T13:07:05.613Z"}
{"level":"info","message":{"method":"GET","responseTime":"1ms","statusCode":304,"url":"/api-docs/swagger-ui-bundle.js"},"timestamp":"2026-09-17T13:07:05.622Z"}
{"level":"info","message":{"method":"GET","responseTime":"8ms","statusCode":200,"url":"/api/v1/metrics"},"timestamp":"2026-09-17T13:07:20.272Z"}
{"level":"info","message":{"method":"GET","responseTime":"3ms","statusCode":200,"url":"/api/v1/metrics"},"timestamp":"2026-09-17T13:07:35.266Z"}
{"level":"info","message":{"method":"GET","responseTime":"6ms","statusCode":304,"url":"/api-docs/"},"timestamp":"2026-09-17T13:07:59.128Z"}
{"level":"info","message":{"method":"GET","responseTime":"4ms","statusCode":304,"url":"/api-docs/swagger-ui.css"},"timestamp":"2026-09-17T13:07:59.410Z"}
{"level":"info","message":{"method":"GET","responseTime":"2ms","statusCode":304,"url":"/api-docs/swagger-ui-bundle.js"},"timestamp":"2026-09-17T13:07:59.422Z"}
{"level":"info","message":{"method":"GET","responseTime":"2ms","statusCode":200,"url":"/api-docs/swagger-ui-init.js"},"timestamp":"2026-09-17T13:07:59.428Z"}
{"level":"info","message":{"method":"GET","responseTime":"2ms","statusCode":304,"url":"/api-docs/swagger-ui-standalone-preset.js"},"timestamp":"2026-09-17T13:07:59.433Z"}
{"level":"info","message":{"method":"GET","responseTime":"1ms","statusCode":304,"url":"/api-docs/favicon-32x32.png"},"timestamp":"2026-09-17T13:07:59.991Z"}
{"level":"info","message":{"method":"GET","responseTime":"8ms","statusCode":200,"url":"/api/v1/metrics"},"timestamp":"2026-09-17T13:08:05.271Z"}
{"level":"info","message":{"method":"GET","responseTime":"9ms","statusCode":200,"url":"/api/v1/metrics"},"timestamp":"2026-09-17T13:08:20.273Z"}
{"level":"info","message":{"method":"GET","responseTime":"4ms","statusCode":200,"url":"/api/v1/metrics"},"timestamp":"2026-09-17T13:08:35.268Z"}
{"level":"info","message":{"method":"GET","responseTime":"4ms","statusCode":200,"url":"/api/v1/metrics"},"timestamp":"2026-09-17T13:08:50.268Z"}
{"level":"info","message":{"method":"GET","responseTime":"4ms","statusCode":200,"url":"/api/v1/metrics"},"timestamp":"2026-09-17T13:09:05.267Z"}
{"level":"info","message":{"method":"GET","responseTime":"4ms","statusCode":200,"url":"/api/v1/metrics"},"timestamp":"2026-09-17T13:09:20.267Z"}
{"level":"info","message":{"method":"GET","responseTime":"3ms","statusCode":200,"url":"/api/v1/metrics"},"timestamp":"2026-09-17T13:09:35.267Z"}
{"level":"info","message":{"method":"GET","responseTime":"4ms","statusCode":200,"url":"/api/v1/metrics"},"timestamp":"2026-09-17T13:09:50.269Z"}
{"level":"info","message":{"method":"GET","responseTime":"5ms","statusCode":200,"url":"/api/v1/metrics"},"timestamp":"2026-09-17T13:10:05.268Z"}
{"level":"info","message":{"method":"GET","responseTime":"4ms","statusCode":200,"url":"/api/v1/metrics"},"timestamp":"2026-09-17T13:10:20.267Z"}
{"level":"info","message":{"method":"GET","responseTime":"2ms","statusCode":200,"url":"/api/v1/metrics"},"timestamp":"2026-09-17T13:10:35.265Z"}
{"level":"info","message":{"method":"GET","responseTime":"4ms","statusCode":200,"url":"/api/v1/metrics"},"timestamp":"2026-09-17T13:10:50.266Z"}
{"level":"info","message":{"method":"GET","responseTime":"3ms","statusCode":200,"url":"/api/v1/metrics"},"timestamp":"2026-09-17T13:11:05.266Z"}
{"level":"info","message":{"method":"GET","responseTime":"4ms","statusCode":200,"url":"/api/v1/metrics"},"timestamp":"2026-09-17T13:11:20.266Z"}
{"level":"info","message":{"method":"GET","responseTime":"4ms","statusCode":200,"url":"/api/v1/metrics"},"timestamp":"2026-09-17T13:11:35.268Z"}
{"level":"info","message":{"method":"GET","responseTime":"9ms","statusCode":200,"url":"/api/v1/metrics"},"timestamp":"2026-09-17T13:11:50.275Z"}
{"level":"info","message":{"method":"GET","responseTime":"3ms","statusCode":200,"url":"/api/v1/metrics"},"timestamp":"2026-09-17T13:12:05.265Z"}
{"level":"info","message":{"method":"GET","responseTime":"11ms","statusCode":200,"url":"/api/v1/metrics"},"timestamp":"2026-09-17T13:12:20.275Z"}
{"level":"info","message":{"method":"GET","responseTime":"3ms","statusCode":200,"url":"/api/v1/metrics"},"timestamp":"2026-09-17T13:12:35.266Z"}
{"level":"info","message":{"method":"GET","responseTime":"3ms","statusCode":200,"url":"/api/v1/metrics"},"timestamp":"2026-09-17T13:12:50.265Z"}
{"level":"info","message":{"method":"GET","responseTime":"4ms","statusCode":200,"url":"/api/v1/metrics"},"timestamp":"2026-09-17T13:13:05.267Z"}
{"level":"info","message":{"method":"GET","responseTime":"3ms","statusCode":200,"url":"/api/v1/metrics"},"timestamp":"2026-09-17T13:13:20.266Z"}
{"level":"info","message":{"method":"GET","responseTime":"3ms","statusCode":200,"url":"/api/v1/metrics"},"timestamp":"2026-09-17T13:13:35.265Z"}
{"level":"info","message":{"method":"GET","responseTime":"4ms","statusCode":200,"url":"/api/v1/metrics"},"timestamp":"2026-09-17T13:13:50.266Z"}
{"level":"info","message":{"method":"GET","responseTime":"4ms","statusCode":200,"url":"/api/v1/metrics"},"timestamp":"2026-09-17T13:14:05.267Z"}
{"level":"info","message":{"method":"GET","responseTime":"4ms","statusCode":200,"url":"/api/v1/metrics"},"timestamp":"2026-09-17T13:14:20.268Z"}
{"level":"info","message":{"method":"GET","responseTime":"4ms","statusCode":200,"url":"/api/v1/metrics"},"timestamp":"2026-09-17T13:14:35.267Z"}
{"level":"info","message":"Email worker started","timestamp":"2026-10-05T04:19:59.317Z"}
{"level":"info","message":"Email worker started","timestamp":"2026-10-05T04:22:56.615Z"}
{"level":"info","message":"Email worker started","timestamp":"2026-10-05T04:25:01.523Z"}
{"level":"error","message":"Authentication token is required","method":"GET","stack":"Error: Authentication token is required\n    at file:///workspaces/invoice-Genrator/Backend/src/middleware/auth.middleware.js:23:15\n    at file:///workspaces/invoice-Genrator/Backend/src/middleware/TryCatch.js:6:19\n    at Layer.handleRequest (/workspaces/invoice-Genrator/Backend/node_modules/router/lib/layer.js:152:17)\n    at next (/workspaces/invoice-Genrator/Backend/node_modules/router/lib/route.js:157:13)\n    at file:///workspaces/invoice-Genrator/Backend/node_modules/express-rate-limit/dist/index.mjs:1010:7\n    at process.processTicksAndRejections (node:internal/process/task_queues:104:5)\n    at async file:///workspaces/invoice-Genrator/Backend/node_modules/express-rate-limit/dist/index.mjs:830:5","statusCode":401,"timestamp":"2026-10-05T04:25:54.447Z","url":"/api/v1/profile"}
{"level":"info","message":{"method":"GET","responseTime":"26ms","statusCode":401,"url":"/api/v1/profile"},"timestamp":"2026-10-05T04:25:54.454Z"}
{"level":"info","message":"Refresh token rotated successfully: 6aae1ab44e5f0d7a100b5f36","timestamp":"2026-10-05T04:25:54.683Z"}
{"level":"info","message":{"method":"POST","responseTime":"65ms","statusCode":200,"url":"/api/v1/refresh-token"},"timestamp":"2026-10-05T04:25:54.685Z"}
{"level":"info","message":"Profile cache miss: 6aae1ab44e5f0d7a100b5f36","timestamp":"2026-10-05T04:25:54.895Z"}
{"level":"info","message":"Profile fetched from database and cached: 6aae1ab44e5f0d7a100b5f36","timestamp":"2026-10-05T04:25:54.910Z"}
{"level":"info","message":{"method":"GET","responseTime":"40ms","statusCode":200,"url":"/api/v1/profile"},"timestamp":"2026-10-05T04:25:54.912Z"}
{"level":"info","message":"Dashboard cache miss: 6aae1ab44e5f0d7a100b5f36","timestamp":"2026-10-05T04:25:58.009Z"}
{"level":"info","message":"Business profile fetched from DB and cached: 6aae1ab44e5f0d7a100b5f36","timestamp":"2026-10-05T04:25:58.070Z"}
{"level":"info","message":{"method":"GET","responseTime":"89ms","statusCode":200,"url":"/api/v1/business"},"timestamp":"2026-10-05T04:25:58.073Z"}
{"level":"info","message":"Dashboard fetched from database and cached: 6aae1ab44e5f0d7a100b5f36","timestamp":"2026-10-05T04:25:58.129Z"}
{"level":"info","message":{"method":"GET","responseTime":"139ms","statusCode":200,"url":"/api/v1/dashboard"},"timestamp":"2026-10-05T04:25:58.130Z"}
{"level":"info","message":"Dashboard cache miss: 6aae1ab44e5f0d7a100b5f36","timestamp":"2026-10-05T04:26:45.510Z"}
{"level":"info","message":"Dashboard fetched from database and cached: 6aae1ab44e5f0d7a100b5f36","timestamp":"2026-10-05T04:26:45.658Z"}
{"level":"info","message":{"method":"GET","responseTime":"166ms","statusCode":200,"url":"/api/v1/dashboard?page=1&limit=10&sortBy=createdAt&sortOrder=desc"},"timestamp":"2026-10-05T04:26:45.659Z"}
{"level":"info","message":"Customers fetched successfully: 6aae1ab44e5f0d7a100b5f36","timestamp":"2026-10-05T04:26:47.114Z"}
{"level":"info","message":{"method":"GET","responseTime":"29ms","statusCode":200,"url":"/api/v1/customer"},"timestamp":"2026-10-05T04:26:47.117Z"}
{"level":"info","message":"Customer updated successfully: 6aae2971a8ade6dc874494e5","timestamp":"2026-10-05T04:27:05.096Z"}
{"level":"info","message":{"method":"PATCH","responseTime":"69ms","statusCode":200,"url":"/api/v1/customer/6aae2971a8ade6dc874494e5"},"timestamp":"2026-10-05T04:27:05.099Z"}
{"level":"info","message":"Customers fetched successfully: 6aae1ab44e5f0d7a100b5f36","timestamp":"2026-10-05T04:27:05.260Z"}
{"level":"info","message":{"method":"GET","responseTime":"20ms","statusCode":200,"url":"/api/v1/customer"},"timestamp":"2026-10-05T04:27:05.262Z"}
{"level":"info","message":"Products fetched successfully: 6aae1ab44e5f0d7a100b5f36","timestamp":"2026-10-05T04:27:11.540Z"}
{"level":"info","message":{"method":"GET","responseTime":"25ms","statusCode":200,"url":"/api/v1/product"},"timestamp":"2026-10-05T04:27:11.544Z"}
{"level":"info","message":"Customer deleted successfully: 6ab1062d1febcf1da0ad8c2e","timestamp":"2026-10-05T04:27:15.476Z"}
{"level":"info","message":{"method":"DELETE","responseTime":"37ms","statusCode":200,"url":"/api/v1/customer/6ab1062d1febcf1da0ad8c2e"},"timestamp":"2026-10-05T04:27:15.477Z"}
{"level":"info","message":"Customers fetched successfully: 6aae1ab44e5f0d7a100b5f36","timestamp":"2026-10-05T04:27:15.588Z"}
{"level":"info","message":{"method":"GET","responseTime":"24ms","statusCode":200,"url":"/api/v1/customer"},"timestamp":"2026-10-05T04:27:15.591Z"}
{"level":"info","message":"Customer created successfully: 6ac3276b5301a51a7b435af5","timestamp":"2026-10-05T04:28:27.401Z"}
{"level":"info","message":{"method":"POST","responseTime":"34ms","statusCode":201,"url":"/api/v1/customer"},"timestamp":"2026-10-05T04:28:27.401Z"}
{"level":"info","message":"Customers fetched successfully: 6aae1ab44e5f0d7a100b5f36","timestamp":"2026-10-05T04:28:27.708Z"}
{"level":"info","message":{"method":"GET","responseTime":"27ms","statusCode":200,"url":"/api/v1/customer"},"timestamp":"2026-10-05T04:28:27.709Z"}
{"level":"info","message":"Products fetched successfully: 6aae1ab44e5f0d7a100b5f36","timestamp":"2026-10-05T04:28:39.201Z"}
{"level":"info","message":{"method":"GET","responseTime":"23ms","statusCode":304,"url":"/api/v1/product"},"timestamp":"2026-10-05T04:28:39.202Z"}
{"level":"info","message":"Product created successfully: 6ac327935301a51a7b435af6","timestamp":"2026-10-05T04:29:07.212Z"}
{"level":"info","message":{"method":"POST","responseTime":"44ms","statusCode":201,"url":"/api/v1/product"},"timestamp":"2026-10-05T04:29:07.213Z"}
{"level":"info","message":"Products fetched successfully: 6aae1ab44e5f0d7a100b5f36","timestamp":"2026-10-05T04:29:07.409Z"}
{"level":"info","message":{"method":"GET","responseTime":"20ms","statusCode":200,"url":"/api/v1/product"},"timestamp":"2026-10-05T04:29:07.411Z"}
{"level":"info","message":"Product created successfully: 6ac328035301a51a7b435af7","timestamp":"2026-10-05T04:30:59.738Z"}
{"level":"info","message":{"method":"POST","responseTime":"30ms","statusCode":201,"url":"/api/v1/product"},"timestamp":"2026-10-05T04:30:59.739Z"}
{"level":"info","message":"Products fetched successfully: 6aae1ab44e5f0d7a100b5f36","timestamp":"2026-10-05T04:30:59.830Z"}
{"level":"info","message":{"method":"GET","responseTime":"17ms","statusCode":200,"url":"/api/v1/product"},"timestamp":"2026-10-05T04:30:59.831Z"}
{"level":"info","message":"Product created successfully: 6ac328145301a51a7b435af8","timestamp":"2026-10-05T04:31:16.564Z"}
{"level":"info","message":{"method":"POST","responseTime":"43ms","statusCode":201,"url":"/api/v1/product"},"timestamp":"2026-10-05T04:31:16.565Z"}
{"level":"info","message":"Products fetched successfully: 6aae1ab44e5f0d7a100b5f36","timestamp":"2026-10-05T04:31:16.757Z"}
{"level":"info","message":{"method":"GET","responseTime":"21ms","statusCode":200,"url":"/api/v1/product"},"timestamp":"2026-10-05T04:31:16.761Z"}
{"level":"info","message":"Product created successfully: 6ac3282a5301a51a7b435af9","timestamp":"2026-10-05T04:31:38.875Z"}
{"level":"info","message":{"method":"POST","responseTime":"28ms","statusCode":201,"url":"/api/v1/product"},"timestamp":"2026-10-05T04:31:38.876Z"}
{"level":"info","message":"Products fetched successfully: 6aae1ab44e5f0d7a100b5f36","timestamp":"2026-10-05T04:31:38.995Z"}
{"level":"info","message":{"method":"GET","responseTime":"17ms","statusCode":200,"url":"/api/v1/product"},"timestamp":"2026-10-05T04:31:38.996Z"}
{"level":"info","message":"Product created successfully: 6ac328445301a51a7b435afa","timestamp":"2026-10-05T04:32:04.220Z"}
{"level":"info","message":{"method":"POST","responseTime":"27ms","statusCode":201,"url":"/api/v1/product"},"timestamp":"2026-10-05T04:32:04.221Z"}
{"level":"info","message":"Products fetched successfully: 6aae1ab44e5f0d7a100b5f36","timestamp":"2026-10-05T04:32:04.418Z"}
{"level":"info","message":{"method":"GET","responseTime":"20ms","statusCode":200,"url":"/api/v1/product"},"timestamp":"2026-10-05T04:32:04.420Z"}
{"level":"info","message":"Product created successfully: 6ac3286d5301a51a7b435afb","timestamp":"2026-10-05T04:32:45.358Z"}
{"level":"info","message":{"method":"POST","responseTime":"28ms","statusCode":201,"url":"/api/v1/product"},"timestamp":"2026-10-05T04:32:45.359Z"}
{"level":"info","message":"Products fetched successfully: 6aae1ab44e5f0d7a100b5f36","timestamp":"2026-10-05T04:32:45.481Z"}
{"level":"info","message":{"method":"GET","responseTime":"19ms","statusCode":200,"url":"/api/v1/product"},"timestamp":"2026-10-05T04:32:45.483Z"}
{"level":"info","message":"Customers fetched successfully: 6aae1ab44e5f0d7a100b5f36","timestamp":"2026-10-05T04:32:51.288Z"}
{"level":"info","message":{"method":"GET","responseTime":"24ms","statusCode":304,"url":"/api/v1/customer"},"timestamp":"2026-10-05T04:32:51.292Z"}
{"level":"info","message":"Dashboard cache hit: 6aae1ab44e5f0d7a100b5f36","timestamp":"2026-10-05T04:32:56.288Z"}
{"level":"info","message":{"method":"GET","responseTime":"37ms","statusCode":200,"url":"/api/v1/dashboard?page=1&limit=10&sortBy=createdAt&sortOrder=desc"},"timestamp":"2026-10-05T04:32:56.289Z"}
{"level":"info","message":"Business profile cache hit: 6aae1ab44e5f0d7a100b5f36","timestamp":"2026-10-05T04:32:56.290Z"}
{"level":"info","message":{"method":"GET","responseTime":"26ms","statusCode":304,"url":"/api/v1/business"},"timestamp":"2026-10-05T04:32:56.290Z"}
{"level":"info","message":"Invoice cache miss: 6abddd84c94cbb3bd151462e","timestamp":"2026-10-05T04:33:08.612Z"}
{"level":"info","message":"Invoice fetched from DB and cached: 6abddd84c94cbb3bd151462e","timestamp":"2026-10-05T04:33:08.631Z"}
{"level":"info","message":{"method":"GET","responseTime":"42ms","statusCode":200,"url":"/api/v1/invoice/6abddd84c94cbb3bd151462e"},"timestamp":"2026-10-05T04:33:08.633Z"}
{"level":"info","message":"Invoice duplicated successfully: 6ac3288b5301a51a7b435afc","timestamp":"2026-10-05T04:33:15.368Z"}
{"level":"info","message":{"method":"POST","responseTime":"55ms","statusCode":200,"url":"/api/v1/invoice/6abddd84c94cbb3bd151462e/duplicate"},"timestamp":"2026-10-05T04:33:15.369Z"}
{"level":"info","message":"Invoice cache miss: 6ac3288b5301a51a7b435afc","timestamp":"2026-10-05T04:33:15.666Z"}
{"level":"info","message":"Invoice fetched from DB and cached: 6ac3288b5301a51a7b435afc","timestamp":"2026-10-05T04:33:15.682Z"}
{"level":"info","message":{"method":"GET","responseTime":"48ms","statusCode":200,"url":"/api/v1/invoice/6ac3288b5301a51a7b435afc"},"timestamp":"2026-10-05T04:33:15.685Z"}
{"level":"info","message":"Invoice updated successfully: 6ac3288b5301a51a7b435afc","timestamp":"2026-10-05T04:33:52.165Z"}
{"level":"info","message":{"method":"PATCH","responseTime":"94ms","statusCode":200,"url":"/api/v1/invoice/6ac3288b5301a51a7b435afc"},"timestamp":"2026-10-05T04:33:52.167Z"}
{"level":"info","message":"Customers fetched successfully: 6aae1ab44e5f0d7a100b5f36","timestamp":"2026-10-05T04:33:52.309Z"}
{"level":"info","message":{"method":"GET","responseTime":"20ms","statusCode":304,"url":"/api/v1/customer"},"timestamp":"2026-10-05T04:33:52.311Z"}
{"level":"info","message":"Products fetched successfully: 6aae1ab44e5f0d7a100b5f36","timestamp":"2026-10-05T04:33:52.412Z"}
{"level":"info","message":{"method":"GET","responseTime":"18ms","statusCode":304,"url":"/api/v1/product"},"timestamp":"2026-10-05T04:33:52.414Z"}
{"level":"info","message":"Invoice duplicated successfully: 6ac328b75301a51a7b435afd","timestamp":"2026-10-05T04:33:59.855Z"}
{"level":"info","message":{"method":"POST","responseTime":"56ms","statusCode":200,"url":"/api/v1/invoice/6ac3288b5301a51a7b435afc/duplicate"},"timestamp":"2026-10-05T04:33:59.856Z"}
{"level":"info","message":"Invoice cache miss: 6ac328b75301a51a7b435afd","timestamp":"2026-10-05T04:34:00.272Z"}
{"level":"info","message":"Invoice fetched from DB and cached: 6ac328b75301a51a7b435afd","timestamp":"2026-10-05T04:34:00.286Z"}
{"level":"info","message":{"method":"GET","responseTime":"39ms","statusCode":200,"url":"/api/v1/invoice/6ac328b75301a51a7b435afd"},"timestamp":"2026-10-05T04:34:00.288Z"}
{"level":"info","message":"Dashboard cache hit: 6aae1ab44e5f0d7a100b5f36","timestamp":"2026-10-05T04:34:04.179Z"}
{"level":"info","message":{"method":"GET","responseTime":"19ms","statusCode":200,"url":"/api/v1/dashboard?page=1&limit=10&sortBy=createdAt&sortOrder=desc"},"timestamp":"2026-10-05T04:34:04.182Z"}
{"level":"info","message":"Dashboard cache miss: 6aae1ab44e5f0d7a100b5f36","timestamp":"2026-10-05T04:34:11.014Z"}
{"level":"info","message":"Dashboard fetched from database and cached: 6aae1ab44e5f0d7a100b5f36","timestamp":"2026-10-05T04:34:11.185Z"}
{"level":"info","message":{"method":"GET","responseTime":"190ms","statusCode":200,"url":"/api/v1/dashboard?page=2&limit=10&sortBy=createdAt&sortOrder=desc"},"timestamp":"2026-10-05T04:34:11.190Z"}
{"level":"info","message":"Dashboard cache miss: 6aae1ab44e5f0d7a100b5f36","timestamp":"2026-10-05T04:34:13.717Z"}
{"level":"info","message":"Dashboard fetched from database and cached: 6aae1ab44e5f0d7a100b5f36","timestamp":"2026-10-05T04:34:13.843Z"}
{"level":"info","message":{"method":"GET","responseTime":"142ms","statusCode":200,"url":"/api/v1/dashboard?page=3&limit=10&sortBy=createdAt&sortOrder=desc"},"timestamp":"2026-10-05T04:34:13.844Z"}
{"level":"info","message":"Dashboard cache miss: 6aae1ab44e5f0d7a100b5f36","timestamp":"2026-10-05T04:34:15.346Z"}
{"level":"info","message":"Dashboard fetched from database and cached: 6aae1ab44e5f0d7a100b5f36","timestamp":"2026-10-05T04:34:15.390Z"}
{"level":"info","message":{"method":"GET","responseTime":"61ms","statusCode":200,"url":"/api/v1/dashboard?page=4&limit=10&sortBy=createdAt&sortOrder=desc"},"timestamp":"2026-10-05T04:34:15.392Z"}
{"level":"info","message":"Dashboard cache miss: 6aae1ab44e5f0d7a100b5f36","timestamp":"2026-10-05T04:34:16.301Z"}
{"level":"info","message":"Dashboard fetched from database and cached: 6aae1ab44e5f0d7a100b5f36","timestamp":"2026-10-05T04:34:16.341Z"}
{"level":"info","message":{"method":"GET","responseTime":"55ms","statusCode":200,"url":"/api/v1/dashboard?page=5&limit=10&sortBy=createdAt&sortOrder=desc"},"timestamp":"2026-10-05T04:34:16.342Z"}
{"level":"info","message":"Invoice duplicated successfully: 6ac328d05301a51a7b435afe","timestamp":"2026-10-05T04:34:24.373Z"}
{"level":"info","message":{"method":"POST","responseTime":"48ms","statusCode":200,"url":"/api/v1/invoice/6ab109b13fd08d8960a7554e/duplicate"},"timestamp":"2026-10-05T04:34:24.373Z"}
{"level":"info","message":"Dashboard cache hit: 6aae1ab44e5f0d7a100b5f36","timestamp":"2026-10-05T04:34:24.464Z"}
{"level":"info","message":{"method":"GET","responseTime":"17ms","statusCode":304,"url":"/api/v1/dashboard?page=5&limit=10&sortBy=createdAt&sortOrder=desc"},"timestamp":"2026-10-05T04:34:24.466Z"}
{"level":"info","message":"Invoice cache miss: 6ac328d05301a51a7b435afe","timestamp":"2026-10-05T04:34:24.547Z"}
{"level":"info","message":"Invoice fetched from DB and cached: 6ac328d05301a51a7b435afe","timestamp":"2026-10-05T04:34:24.563Z"}
{"level":"info","message":{"method":"GET","responseTime":"51ms","statusCode":200,"url":"/api/v1/invoice/6ac328d05301a51a7b435afe"},"timestamp":"2026-10-05T04:34:24.566Z"}
{"level":"info","message":"Dashboard cache hit: 6aae1ab44e5f0d7a100b5f36","timestamp":"2026-10-05T04:34:27.291Z"}
{"level":"info","message":{"method":"GET","responseTime":"15ms","statusCode":200,"url":"/api/v1/dashboard?page=1&limit=10&sortBy=createdAt&sortOrder=desc"},"timestamp":"2026-10-05T04:34:27.292Z"}
{"level":"info","message":"Dashboard cache hit: 6aae1ab44e5f0d7a100b5f36","timestamp":"2026-10-05T04:34:30.218Z"}
{"level":"info","message":{"method":"GET","responseTime":"16ms","statusCode":304,"url":"/api/v1/dashboard?page=2&limit=10&sortBy=createdAt&sortOrder=desc"},"timestamp":"2026-10-05T04:34:30.220Z"}
{"level":"info","message":"Dashboard cache hit: 6aae1ab44e5f0d7a100b5f36","timestamp":"2026-10-05T04:34:32.494Z"}
{"level":"info","message":{"method":"GET","responseTime":"18ms","statusCode":304,"url":"/api/v1/dashboard?page=3&limit=10&sortBy=createdAt&sortOrder=desc"},"timestamp":"2026-10-05T04:34:32.497Z"}
{"level":"info","message":"Dashboard cache hit: 6aae1ab44e5f0d7a100b5f36","timestamp":"2026-10-05T04:34:32.889Z"}
{"level":"info","message":{"method":"GET","responseTime":"17ms","statusCode":304,"url":"/api/v1/dashboard?page=4&limit=10&sortBy=createdAt&sortOrder=desc"},"timestamp":"2026-10-05T04:34:32.890Z"}
{"level":"info","message":"Dashboard cache hit: 6aae1ab44e5f0d7a100b5f36","timestamp":"2026-10-05T04:34:33.179Z"}
{"level":"info","message":{"method":"GET","responseTime":"20ms","statusCode":200,"url":"/api/v1/dashboard?page=5&limit=10&sortBy=createdAt&sortOrder=desc"},"timestamp":"2026-10-05T04:34:33.180Z"}
{"level":"info","message":"Invoice deleted successfully: 6ab113303e409074664e5ba9","timestamp":"2026-10-05T04:34:45.018Z"}
{"level":"info","message":{"method":"DELETE","responseTime":"46ms","statusCode":200,"url":"/api/v1/invoice/6ab113303e409074664e5ba9"},"timestamp":"2026-10-05T04:34:45.019Z"}
{"level":"info","message":"Dashboard cache hit: 6aae1ab44e5f0d7a100b5f36","timestamp":"2026-10-05T04:34:45.127Z"}
{"level":"info","message":{"method":"GET","responseTime":"19ms","statusCode":304,"url":"/api/v1/dashboard?page=5&limit=10&sortBy=createdAt&sortOrder=desc"},"timestamp":"2026-10-05T04:34:45.130Z"}
{"level":"info","message":"Invoice PDF cache miss: 6ab113303e409074664e5ba9","timestamp":"2026-10-05T04:34:49.202Z"}
{"level":"warn","message":"PDF generation requested for non-existing invoice: 6ab113303e409074664e5ba9","timestamp":"2026-10-05T04:34:49.223Z"}
{"level":"error","message":"Invoice not found","method":"GET","stack":"Error: Invoice not found\n    at downloadInvoicePDFService (file:///workspaces/invoice-Genrator/Backend/src/service/invoice/invoice.service.js:499:15)\n    at process.processTicksAndRejections (node:internal/process/task_queues:104:5)\n    at async file:///workspaces/invoice-Genrator/Backend/src/controller/invoice/invoice.controller.js:149:9\n    at async file:///workspaces/invoice-Genrator/Backend/src/middleware/TryCatch.js:6:13","statusCode":404,"timestamp":"2026-10-05T04:34:49.225Z","url":"/api/v1/invoice/6ab113303e409074664e5ba9/pdf"}
{"level":"info","message":{"method":"GET","responseTime":"40ms","statusCode":404,"url":"/api/v1/invoice/6ab113303e409074664e5ba9/pdf"},"timestamp":"2026-10-05T04:34:49.227Z"}
{"level":"info","message":"Invoice cache miss: 6ab113073e409074664e5ba7","timestamp":"2026-10-05T04:34:54.680Z"}
{"level":"info","message":"Invoice fetched from DB and cached: 6ab113073e409074664e5ba7","timestamp":"2026-10-05T04:34:54.694Z"}
{"level":"info","message":{"method":"GET","responseTime":"36ms","statusCode":200,"url":"/api/v1/invoice/6ab113073e409074664e5ba7"},"timestamp":"2026-10-05T04:34:54.695Z"}
{"level":"info","message":"Invoice email job queued: 12","timestamp":"2026-10-05T04:34:57.922Z"}
{"level":"info","message":{"method":"POST","responseTime":"38ms","statusCode":202,"url":"/api/v1/invoice/6ab113073e409074664e5ba7/email"},"timestamp":"2026-10-05T04:34:57.923Z"}
{"level":"info","message":"Invoice PDF cache miss: 6ab113073e409074664e5ba7","timestamp":"2026-10-05T04:35:12.544Z"}
{"level":"info","message":"Invoice PDF generation job queued: 13","timestamp":"2026-10-05T04:35:12.559Z"}
{"level":"info","message":{"method":"GET","responseTime":"32ms","statusCode":202,"url":"/api/v1/invoice/6ab113073e409074664e5ba7/pdf"},"timestamp":"2026-10-05T04:35:12.561Z"}
{"level":"info","message":"Invoice PDF cache hit: 6ab113073e409074664e5ba7","timestamp":"2026-10-05T04:35:14.248Z"}
{"level":"info","message":{"method":"GET","responseTime":"16ms","statusCode":200,"url":"/api/v1/invoice/6ab113073e409074664e5ba7/pdf"},"timestamp":"2026-10-05T04:35:14.249Z"}
{"level":"info","message":"Dashboard cache hit: 6aae1ab44e5f0d7a100b5f36","timestamp":"2026-10-05T04:35:40.566Z"}
{"level":"info","message":{"method":"GET","responseTime":"15ms","statusCode":304,"url":"/api/v1/dashboard"},"timestamp":"2026-10-05T04:35:40.567Z"}
{"level":"info","message":"Customers fetched successfully: 6aae1ab44e5f0d7a100b5f36","timestamp":"2026-10-05T04:35:57.011Z"}
{"level":"info","message":{"method":"GET","responseTime":"21ms","statusCode":304,"url":"/api/v1/customer"},"timestamp":"2026-10-05T04:35:57.013Z"}
{"level":"info","message":"Products fetched successfully: 6aae1ab44e5f0d7a100b5f36","timestamp":"2026-10-05T04:35:57.025Z"}
{"level":"info","message":{"method":"GET","responseTime":"19ms","statusCode":304,"url":"/api/v1/product"},"timestamp":"2026-10-05T04:35:57.026Z"}
{"level":"info","message":"User logged out successfully","timestamp":"2026-10-05T04:36:03.293Z"}
{"level":"info","message":{"method":"POST","responseTime":"22ms","statusCode":200,"url":"/api/v1/logout"},"timestamp":"2026-10-05T04:36:03.296Z"}
{"level":"error","message":"Authentication token is required","method":"GET","stack":"Error: Authentication token is required\n    at file:///workspaces/invoice-Genrator/Backend/src/middleware/auth.middleware.js:23:15\n    at file:///workspaces/invoice-Genrator/Backend/src/middleware/TryCatch.js:6:19\n    at Layer.handleRequest (/workspaces/invoice-Genrator/Backend/node_modules/router/lib/layer.js:152:17)\n    at next (/workspaces/invoice-Genrator/Backend/node_modules/router/lib/route.js:157:13)\n    at file:///workspaces/invoice-Genrator/Backend/node_modules/express-rate-limit/dist/index.mjs:1010:7\n    at process.processTicksAndRejections (node:internal/process/task_queues:104:5)\n    at async file:///workspaces/invoice-Genrator/Backend/node_modules/express-rate-limit/dist/index.mjs:830:5","statusCode":401,"timestamp":"2026-10-05T04:36:40.648Z","url":"/api/v1/profile"}
{"level":"info","message":{"method":"GET","responseTime":"14ms","statusCode":401,"url":"/api/v1/profile"},"timestamp":"2026-10-05T04:36:40.653Z"}
{"level":"warn","message":"Refresh token request failed: token missing","timestamp":"2026-10-05T04:36:40.904Z"}
{"level":"error","message":"Authentication token is required","method":"POST","stack":"Error: Authentication token is required\n    at RefreshTokenService (file:///workspaces/invoice-Genrator/Backend/src/service/auth/refreshToken.service.js:24:15)\n    at file:///workspaces/invoice-Genrator/Backend/src/controller/auth/token.controller.js:18:55\n    at file:///workspaces/invoice-Genrator/Backend/src/middleware/TryCatch.js:6:19\n    at Layer.handleRequest (/workspaces/invoice-Genrator/Backend/node_modules/router/lib/layer.js:152:17)\n    at next (/workspaces/invoice-Genrator/Backend/node_modules/router/lib/route.js:157:13)\n    at file:///workspaces/invoice-Genrator/Backend/node_modules/express-rate-limit/dist/index.mjs:1010:7\n    at process.processTicksAndRejections (node:internal/process/task_queues:104:5)\n    at async file:///workspaces/invoice-Genrator/Backend/node_modules/express-rate-limit/dist/index.mjs:830:5","statusCode":401,"timestamp":"2026-10-05T04:36:40.909Z","url":"/api/v1/refresh-token"}
{"level":"info","message":{"method":"POST","responseTime":"15ms","statusCode":401,"url":"/api/v1/refresh-token"},"timestamp":"2026-10-05T04:36:40.911Z"}
{"level":"error","message":"User validation failed: username: Path `username` is required.","method":"POST","stack":"ValidationError: User validation failed: username: Path `username` is required.\n    at model.validate (/workspaces/invoice-Genrator/Backend/node_modules/mongoose/lib/document.js:2864:36)\n    at process.processTicksAndRejections (node:internal/process/task_queues:104:5)\n    at async model.$__save (/workspaces/invoice-Genrator/Backend/node_modules/mongoose/lib/model.js:399:7)\n    at async maybeTracedSave (/workspaces/invoice-Genrator/Backend/node_modules/mongoose/lib/model.js:675:7)\n    at async model.create (/workspaces/invoice-Genrator/Backend/node_modules/mongoose/lib/model.js:2763:5)\n    at async UserRepository.create (file:///workspaces/invoice-Genrator/Backend/src/repository/auth/user.repository.js:9:16)\n    at async googleLoginService (file:///workspaces/invoice-Genrator/Backend/src/service/auth/googleAuth.service.js:23:16)\n    at async file:///workspaces/invoice-Genrator/Backend/src/controller/auth/googleAuth.controller.js:10:20\n    at async file:///workspaces/invoice-Genrator/Backend/src/middleware/TryCatch.js:6:13","statusCode":500,"timestamp":"2026-10-05T04:38:24.374Z","url":"/api/v1/google"}
{"level":"info","message":{"method":"POST","responseTime":"108ms","statusCode":500,"url":"/api/v1/google"},"timestamp":"2026-10-05T04:38:24.377Z"}
{"level":"info","message":"Email worker started","timestamp":"2026-10-05T04:42:30.145Z"}
{"level":"info","message":"Email worker started","timestamp":"2026-10-05T10:02:41.261Z"}
{"level":"error","message":"Authentication token is required","method":"GET","stack":"Error: Authentication token is required\n    at file:///workspaces/invoice-Genrator/Backend/src/middleware/auth.middleware.js:23:15\n    at file:///workspaces/invoice-Genrator/Backend/src/middleware/TryCatch.js:6:19\n    at Layer.handleRequest (/workspaces/invoice-Genrator/Backend/node_modules/router/lib/layer.js:152:17)\n    at next (/workspaces/invoice-Genrator/Backend/node_modules/router/lib/route.js:157:13)\n    at file:///workspaces/invoice-Genrator/Backend/node_modules/express-rate-limit/dist/index.mjs:1010:7\n    at process.processTicksAndRejections (node:internal/process/task_queues:104:5)\n    at async file:///workspaces/invoice-Genrator/Backend/node_modules/express-rate-limit/dist/index.mjs:830:5","statusCode":401,"timestamp":"2026-10-05T10:03:14.365Z","url":"/api/v1/profile"}
{"level":"info","message":{"method":"GET","responseTime":"24ms","statusCode":401,"url":"/api/v1/profile"},"timestamp":"2026-10-05T10:03:14.371Z"}
{"level":"warn","message":"Refresh token request failed: token missing","timestamp":"2026-10-05T10:03:14.582Z"}
{"level":"error","message":"Authentication token is required","method":"POST","stack":"Error: Authentication token is required\n    at RefreshTokenService (file:///workspaces/invoice-Genrator/Backend/src/service/auth/refreshToken.service.js:24:15)\n    at file:///workspaces/invoice-Genrator/Backend/src/controller/auth/token.controller.js:18:55\n    at file:///workspaces/invoice-Genrator/Backend/src/middleware/TryCatch.js:6:19\n    at Layer.handleRequest (/workspaces/invoice-Genrator/Backend/node_modules/router/lib/layer.js:152:17)\n    at next (/workspaces/invoice-Genrator/Backend/node_modules/router/lib/route.js:157:13)\n    at file:///workspaces/invoice-Genrator/Backend/node_modules/express-rate-limit/dist/index.mjs:1010:7\n    at process.processTicksAndRejections (node:internal/process/task_queues:104:5)\n    at async file:///workspaces/invoice-Genrator/Backend/node_modules/express-rate-limit/dist/index.mjs:830:5","statusCode":401,"timestamp":"2026-10-05T10:03:14.585Z","url":"/api/v1/refresh-token"}
{"level":"info","message":{"method":"POST","responseTime":"12ms","statusCode":401,"url":"/api/v1/refresh-token"},"timestamp":"2026-10-05T10:03:14.587Z"}
{"level":"info","message":"User logged in successfully: 6aae1ab44e5f0d7a100b5f36","timestamp":"2026-10-05T10:03:37.233Z"}
{"level":"info","message":{"method":"POST","responseTime":"116ms","statusCode":200,"url":"/api/v1/login"},"timestamp":"2026-10-05T10:03:37.236Z"}
{"level":"info","message":"Profile cache miss: 6aae1ab44e5f0d7a100b5f36","timestamp":"2026-10-05T10:03:37.431Z"}
{"level":"info","message":"Profile fetched from database and cached: 6aae1ab44e5f0d7a100b5f36","timestamp":"2026-10-05T10:03:37.494Z"}
{"level":"info","message":{"method":"GET","responseTime":"115ms","statusCode":200,"url":"/api/v1/profile"},"timestamp":"2026-10-05T10:03:37.496Z"}
{"level":"info","message":"Dashboard cache hit: 6aae1ab44e5f0d7a100b5f36","timestamp":"2026-10-05T10:03:38.568Z"}
{"level":"info","message":"Business profile cache hit: 6aae1ab44e5f0d7a100b5f36","timestamp":"2026-10-05T10:03:38.661Z"}
{"level":"info","message":{"method":"GET","responseTime":"22ms","statusCode":200,"url":"/api/v1/business"},"timestamp":"2026-10-05T10:03:38.664Z"}
{"level":"info","message":"Dashboard cache hit: 6aae1ab44e5f0d7a100b5f36","timestamp":"2026-10-05T10:03:38.757Z"}
{"level":"info","message":{"method":"GET","responseTime":"126ms","statusCode":200,"url":"/api/v1/dashboard"},"timestamp":"2026-10-05T10:03:38.759Z"}
{"level":"info","message":"Dashboard cache hit: 6aae1ab44e5f0d7a100b5f36","timestamp":"2026-10-05T10:03:42.071Z"}
{"level":"info","message":{"method":"GET","responseTime":"21ms","statusCode":200,"url":"/api/v1/dashboard?page=1&limit=10&sortBy=createdAt&sortOrder=desc"},"timestamp":"2026-10-05T10:03:42.074Z"}
{"level":"info","message":"Dashboard cache hit: 6aae1ab44e5f0d7a100b5f36","timestamp":"2026-10-05T10:03:42.481Z"}
{"level":"info","message":"Invoice cache hit: 6ac328d05301a51a7b435afe","timestamp":"2026-10-05T10:03:58.965Z"}
{"level":"info","message":{"method":"GET","responseTime":"23ms","statusCode":200,"url":"/api/v1/invoice/6ac328d05301a51a7b435afe"},"timestamp":"2026-10-05T10:03:58.966Z"}
{"level":"info","message":"Invoice duplicated successfully: 6ac376119f75af4f2f8e6687","timestamp":"2026-10-05T10:04:01.874Z"}
{"level":"info","message":{"method":"POST","responseTime":"68ms","statusCode":200,"url":"/api/v1/invoice/6ac328d05301a51a7b435afe/duplicate"},"timestamp":"2026-10-05T10:04:01.877Z"}
{"level":"info","message":"Invoice cache miss: 6ac376119f75af4f2f8e6687","timestamp":"2026-10-05T10:04:02.177Z"}
{"level":"info","message":"Invoice fetched from DB and cached: 6ac376119f75af4f2f8e6687","timestamp":"2026-10-05T10:04:02.192Z"}
{"level":"info","message":{"method":"GET","responseTime":"39ms","statusCode":200,"url":"/api/v1/invoice/6ac376119f75af4f2f8e6687"},"timestamp":"2026-10-05T10:04:02.194Z"}
{"level":"error","message":"E11000 duplicate key error collection: test.invoices index: invoiceNumber_1 dup key: { invoiceNumber: \"SKY-1022\" }","method":"POST","stack":"MongoServerError: E11000 duplicate key error collection: test.invoices index: invoiceNumber_1 dup key: { invoiceNumber: \"SKY-1022\" }\n    at InsertOneOperation.handleOk (/workspaces/invoice-Genrator/Backend/node_modules/mongodb/lib/operations/insert.js:51:19)\n    at executeOperationWithRetries (/workspaces/invoice-Genrator/Backend/node_modules/mongodb/lib/operations/execute_operation.js:194:34)\n    at process.processTicksAndRejections (node:internal/process/task_queues:104:5)\n    at async executeOperation (/workspaces/invoice-Genrator/Backend/node_modules/mongodb/lib/operations/execute_operation.js:83:16)\n    at async Collection.insertOne (/workspaces/invoice-Genrator/Backend/node_modules/mongodb/lib/collection.js:154:16)\n    at async model.$__save (/workspaces/invoice-Genrator/Backend/node_modules/mongoose/lib/model.js:434:16)\n    at async maybeTracedSave (/workspaces/invoice-Genrator/Backend/node_modules/mongoose/lib/model.js:675:7)\n    at async /workspaces/invoice-Genrator/Backend/node_modules/mongoose/lib/model.js:2832:9\n    at async Promise.all (index 0)\n    at async model.create (/workspaces/invoice-Genrator/Backend/node_modules/mongoose/lib/model.js:2817:11)","statusCode":500,"timestamp":"2026-10-05T10:04:27.934Z","url":"/api/v1/invoice/6ac376119f75af4f2f8e6687/duplicate"}
{"level":"info","message":{"method":"POST","responseTime":"354ms","statusCode":500,"url":"/api/v1/invoice/6ac376119f75af4f2f8e6687/duplicate"},"timestamp":"2026-10-05T10:04:27.950Z"}
{"level":"info","message":"Invoice duplicated successfully: 6ac3762f9f75af4f2f8e6689","timestamp":"2026-10-05T10:04:31.836Z"}
{"level":"info","message":{"method":"POST","responseTime":"113ms","statusCode":200,"url":"/api/v1/invoice/6ac376119f75af4f2f8e6687/duplicate"},"timestamp":"2026-10-05T10:04:31.836Z"}
{"level":"info","message":"Invoice cache miss: 6ac3762f9f75af4f2f8e6689","timestamp":"2026-10-05T10:04:32.157Z"}
{"level":"info","message":"Invoice fetched from DB and cached: 6ac3762f9f75af4f2f8e6689","timestamp":"2026-10-05T10:04:32.215Z"}
{"level":"info","message":{"method":"GET","responseTime":"117ms","statusCode":200,"url":"/api/v1/invoice/6ac3762f9f75af4f2f8e6689"},"timestamp":"2026-10-05T10:04:32.216Z"}
{"level":"info","message":"Invoice PDF cache miss: 6ac3762f9f75af4f2f8e6689","timestamp":"2026-10-05T10:04:41.310Z"}
{"level":"info","message":"Invoice PDF generation job queued: 16","timestamp":"2026-10-05T10:04:41.531Z"}
{"level":"info","message":{"method":"GET","responseTime":"460ms","statusCode":202,"url":"/api/v1/invoice/6ac3762f9f75af4f2f8e6689/pdf"},"timestamp":"2026-10-05T10:04:41.532Z"}
{"level":"info","message":"Processing PDF job: 16","timestamp":"2026-10-05T10:04:41.543Z"}
{"level":"info","message":"PDF generated and cached: SKY-1023","timestamp":"2026-10-05T10:04:41.836Z"}
{"level":"info","message":"PDF job completed: 16","timestamp":"2026-10-05T10:04:41.849Z"}
{"level":"info","message":"Invoice PDF cache hit: 6ac3762f9f75af4f2f8e6689","timestamp":"2026-10-05T10:04:43.223Z"}
{"level":"info","message":{"method":"GET","responseTime":"97ms","statusCode":200,"url":"/api/v1/invoice/6ac3762f9f75af4f2f8e6689/pdf"},"timestamp":"2026-10-05T10:04:43.225Z"}
{"level":"info","message":"Email worker started","timestamp":"2026-10-05T10:05:59.783Z"}
{"level":"info","message":"Profile cache hit: 6aae1ab44e5f0d7a100b5f36","timestamp":"2026-10-05T10:06:07.076Z"}
{"level":"info","message":{"method":"GET","responseTime":"41ms","statusCode":304,"url":"/api/v1/profile"},"timestamp":"2026-10-05T10:06:07.082Z"}
{"level":"info","message":"Invoice cache hit: 6ac3762f9f75af4f2f8e6689","timestamp":"2026-10-05T10:06:08.004Z"}
{"level":"info","message":{"method":"GET","responseTime":"25ms","statusCode":304,"url":"/api/v1/invoice/6ac3762f9f75af4f2f8e6689"},"timestamp":"2026-10-05T10:06:08.005Z"}
{"level":"info","message":"Invoice PDF cache hit: 6ac3762f9f75af4f2f8e6689","timestamp":"2026-10-05T10:06:10.058Z"}
{"level":"info","message":{"method":"GET","responseTime":"19ms","statusCode":304,"url":"/api/v1/invoice/6ac3762f9f75af4f2f8e6689/pdf"},"timestamp":"2026-10-05T10:06:10.059Z"}
{"level":"info","message":"Business profile fetched from DB and cached: 6aae1ab44e5f0d7a100b5f36","timestamp":"2026-10-05T10:06:22.311Z"}
{"level":"info","message":{"method":"GET","responseTime":"54ms","statusCode":200,"url":"/api/v1/business"},"timestamp":"2026-10-05T10:06:22.315Z"}
{"level":"info","message":"Dashboard cache miss: 6aae1ab44e5f0d7a100b5f36","timestamp":"2026-10-05T10:06:22.325Z"}
{"level":"info","message":"Dashboard fetched from database and cached: 6aae1ab44e5f0d7a100b5f36","timestamp":"2026-10-05T10:06:22.439Z"}
{"level":"info","message":{"method":"GET","responseTime":"132ms","statusCode":200,"url":"/api/v1/dashboard?page=1&limit=10&sortBy=createdAt&sortOrder=desc"},"timestamp":"2026-10-05T10:06:22.440Z"}
{"level":"info","message":"Dashboard cache miss: 6aae1ab44e5f0d7a100b5f36","timestamp":"2026-10-05T10:06:24.616Z"}
{"level":"info","message":"Dashboard fetched from database and cached: 6aae1ab44e5f0d7a100b5f36","timestamp":"2026-10-05T10:06:24.736Z"}
{"level":"info","message":{"method":"GET","responseTime":"136ms","statusCode":200,"url":"/api/v1/dashboard?page=1&limit=10&sortBy=dueDate&sortOrder=desc"},"timestamp":"2026-10-05T10:06:24.737Z"}
{"level":"info","message":"Invoice cache miss: 6ab113043e409074664e5ba6","timestamp":"2026-10-05T10:06:29.172Z"}
{"level":"info","message":"Invoice fetched from DB and cached: 6ab113043e409074664e5ba6","timestamp":"2026-10-05T10:06:29.189Z"}
{"level":"info","message":{"method":"GET","responseTime":"41ms","statusCode":200,"url":"/api/v1/invoice/6ab113043e409074664e5ba6"},"timestamp":"2026-10-05T10:06:29.190Z"}
{"level":"info","message":"Invoice PDF cache miss: 6ab113043e409074664e5ba6","timestamp":"2026-10-05T10:06:30.405Z"}
{"level":"info","message":"Invoice PDF generation job queued: 17","timestamp":"2026-10-05T10:06:30.433Z"}
{"level":"info","message":{"method":"GET","responseTime":"50ms","statusCode":202,"url":"/api/v1/invoice/6ab113043e409074664e5ba6/pdf"},"timestamp":"2026-10-05T10:06:30.435Z"}
{"level":"info","message":"Invoice PDF cache hit: 6ab113043e409074664e5ba6","timestamp":"2026-10-05T10:06:32.090Z"}
{"level":"info","message":{"method":"GET","responseTime":"18ms","statusCode":200,"url":"/api/v1/invoice/6ab113043e409074664e5ba6/pdf"},"timestamp":"2026-10-05T10:06:32.092Z"}
{"level":"error","message":"E11000 duplicate key error collection: test.invoices index: invoiceNumber_1 dup key: { invoiceNumber: \"SKY-1024\" }","method":"POST","stack":"MongoServerError: E11000 duplicate key error collection: test.invoices index: invoiceNumber_1 dup key: { invoiceNumber: \"SKY-1024\" }\n    at InsertOneOperation.handleOk (/workspaces/invoice-Genrator/Backend/node_modules/mongodb/lib/operations/insert.js:51:19)\n    at executeOperationWithRetries (/workspaces/invoice-Genrator/Backend/node_modules/mongodb/lib/operations/execute_operation.js:194:34)\n    at process.processTicksAndRejections (node:internal/process/task_queues:104:5)\n    at async executeOperation (/workspaces/invoice-Genrator/Backend/node_modules/mongodb/lib/operations/execute_operation.js:83:16)\n    at async Collection.insertOne (/workspaces/invoice-Genrator/Backend/node_modules/mongodb/lib/collection.js:154:16)\n    at async model.$__save (/workspaces/invoice-Genrator/Backend/node_modules/mongoose/lib/model.js:434:16)\n    at async maybeTracedSave (/workspaces/invoice-Genrator/Backend/node_modules/mongoose/lib/model.js:675:7)\n    at async /workspaces/invoice-Genrator/Backend/node_modules/mongoose/lib/model.js:2832:9\n    at async Promise.all (index 0)\n    at async model.create (/workspaces/invoice-Genrator/Backend/node_modules/mongoose/lib/model.js:2817:11)","statusCode":500,"timestamp":"2026-10-05T10:07:28.863Z","url":"/api/v1/invoice/6ab113043e409074664e5ba6/duplicate"}
{"level":"info","message":{"method":"POST","responseTime":"79ms","statusCode":500,"url":"/api/v1/invoice/6ab113043e409074664e5ba6/duplicate"},"timestamp":"2026-10-05T10:07:28.866Z"}
{"level":"info","message":"Email worker started","timestamp":"2026-10-05T10:07:50.853Z"}
{"level":"info","message":"Profile cache hit: 6aae1ab44e5f0d7a100b5f36","timestamp":"2026-10-05T10:07:55.467Z"}
{"level":"info","message":{"method":"GET","responseTime":"37ms","statusCode":200,"url":"/api/v1/profile"},"timestamp":"2026-10-05T10:07:55.472Z"}
{"level":"info","message":"Invoice cache hit: 6ab113043e409074664e5ba6","timestamp":"2026-10-05T10:07:56.129Z"}
{"level":"info","message":{"method":"GET","responseTime":"23ms","statusCode":304,"url":"/api/v1/invoice/6ab113043e409074664e5ba6"},"timestamp":"2026-10-05T10:07:56.130Z"}
{"level":"info","message":"Dashboard cache hit: 6aae1ab44e5f0d7a100b5f36","timestamp":"2026-10-05T10:08:03.747Z"}
{"level":"info","message":{"method":"GET","responseTime":"29ms","statusCode":200,"url":"/api/v1/dashboard?page=1&limit=10&sortBy=createdAt&sortOrder=desc"},"timestamp":"2026-10-05T10:08:03.751Z"}
{"level":"info","message":"Business profile cache hit: 6aae1ab44e5f0d7a100b5f36","timestamp":"2026-10-05T10:08:03.752Z"}
{"level":"info","message":{"method":"GET","responseTime":"19ms","statusCode":304,"url":"/api/v1/business"},"timestamp":"2026-10-05T10:08:03.752Z"}
{"level":"info","message":"Invoice cache miss: 6ac328b75301a51a7b435afd","timestamp":"2026-10-05T10:08:08.467Z"}
{"level":"info","message":"Invoice fetched from DB and cached: 6ac328b75301a51a7b435afd","timestamp":"2026-10-05T10:08:08.487Z"}
{"level":"info","message":{"method":"GET","responseTime":"47ms","statusCode":200,"url":"/api/v1/invoice/6ac328b75301a51a7b435afd"},"timestamp":"2026-10-05T10:08:08.490Z"}
{"level":"info","message":"Invoice PDF cache miss: 6ac328b75301a51a7b435afd","timestamp":"2026-10-05T10:08:10.869Z"}
{"level":"info","message":"Invoice PDF generation job queued: 18","timestamp":"2026-10-05T10:08:10.891Z"}
{"level":"info","message":{"method":"GET","responseTime":"38ms","statusCode":202,"url":"/api/v1/invoice/6ac328b75301a51a7b435afd/pdf"},"timestamp":"2026-10-05T10:08:10.892Z"}
{"level":"info","message":"Processing PDF job: 18","timestamp":"2026-10-05T10:08:10.903Z"}
{"level":"info","message":"PDF generated and cached: SKY-1009","timestamp":"2026-10-05T10:08:10.958Z"}
{"level":"info","message":"PDF job completed: 18","timestamp":"2026-10-05T10:08:10.970Z"}
{"level":"info","message":"Invoice PDF cache hit: 6ac328b75301a51a7b435afd","timestamp":"2026-10-05T10:08:12.548Z"}
{"level":"info","message":{"method":"GET","responseTime":"17ms","statusCode":200,"url":"/api/v1/invoice/6ac328b75301a51a7b435afd/pdf"},"timestamp":"2026-10-05T10:08:12.549Z"}
{"level":"info","message":"Email worker started","timestamp":"2026-10-05T10:10:52.405Z"}
{"level":"info","message":"Profile cache miss: 6aae1ab44e5f0d7a100b5f36","timestamp":"2026-10-05T10:10:59.609Z"}
{"level":"info","message":"Profile fetched from database and cached: 6aae1ab44e5f0d7a100b5f36","timestamp":"2026-10-05T10:10:59.624Z"}
{"level":"info","message":{"method":"GET","responseTime":"54ms","statusCode":304,"url":"/api/v1/profile"},"timestamp":"2026-10-05T10:10:59.629Z"}
{"level":"info","message":"Invoice cache hit: 6ac328b75301a51a7b435afd","timestamp":"2026-10-05T10:11:00.155Z"}
{"level":"info","message":{"method":"GET","responseTime":"24ms","statusCode":304,"url":"/api/v1/invoice/6ac328b75301a51a7b435afd"},"timestamp":"2026-10-05T10:11:00.156Z"}
{"level":"info","message":"Dashboard cache hit: 6aae1ab44e5f0d7a100b5f36","timestamp":"2026-10-05T10:11:01.382Z"}
{"level":"info","message":{"method":"GET","responseTime":"31ms","statusCode":200,"url":"/api/v1/dashboard?page=1&limit=10&sortBy=createdAt&sortOrder=desc"},"timestamp":"2026-10-05T10:11:01.387Z"}
{"level":"info","message":"Business profile cache hit: 6aae1ab44e5f0d7a100b5f36","timestamp":"2026-10-05T10:11:01.498Z"}
{"level":"info","message":{"method":"GET","responseTime":"18ms","statusCode":200,"url":"/api/v1/business"},"timestamp":"2026-10-05T10:11:01.499Z"}
{"level":"info","message":"Invoice cache miss: 6ac328d05301a51a7b435afe","timestamp":"2026-10-05T10:11:05.071Z"}
{"level":"info","message":"Invoice fetched from DB and cached: 6ac328d05301a51a7b435afe","timestamp":"2026-10-05T10:11:05.089Z"}
{"level":"info","message":{"method":"GET","responseTime":"43ms","statusCode":200,"url":"/api/v1/invoice/6ac328d05301a51a7b435afe"},"timestamp":"2026-10-05T10:11:05.090Z"}
{"level":"info","message":"Invoice PDF cache hit: 6ac328d05301a51a7b435afe","timestamp":"2026-10-05T10:11:06.415Z"}
{"level":"info","message":{"method":"GET","responseTime":"17ms","statusCode":200,"url":"/api/v1/invoice/6ac328d05301a51a7b435afe/pdf"},"timestamp":"2026-10-05T10:11:06.415Z"}
{"level":"info","message":"Email worker started","timestamp":"2026-10-05T10:18:43.883Z"}
{"level":"error","message":"Authentication token is required","method":"GET","stack":"Error: Authentication token is required\n    at file:///workspaces/invoice-Genrator/Backend/src/middleware/auth.middleware.js:23:15\n    at file:///workspaces/invoice-Genrator/Backend/src/middleware/TryCatch.js:6:19\n    at Layer.handleRequest (/workspaces/invoice-Genrator/Backend/node_modules/router/lib/layer.js:152:17)\n    at next (/workspaces/invoice-Genrator/Backend/node_modules/router/lib/route.js:157:13)\n    at file:///workspaces/invoice-Genrator/Backend/node_modules/express-rate-limit/dist/index.mjs:1010:7\n    at process.processTicksAndRejections (node:internal/process/task_queues:104:5)\n    at async file:///workspaces/invoice-Genrator/Backend/node_modules/express-rate-limit/dist/index.mjs:830:5","statusCode":401,"timestamp":"2026-10-05T10:18:49.153Z","url":"/api/v1/profile"}
{"level":"info","message":{"method":"GET","responseTime":"29ms","statusCode":401,"url":"/api/v1/profile"},"timestamp":"2026-10-05T10:18:49.162Z"}
{"level":"info","message":"Refresh token rotated successfully: 6aae1ab44e5f0d7a100b5f36","timestamp":"2026-10-05T10:18:49.406Z"}
{"level":"info","message":{"method":"POST","responseTime":"88ms","statusCode":200,"url":"/api/v1/refresh-token"},"timestamp":"2026-10-05T10:18:49.408Z"}
{"level":"info","message":"Profile cache miss: 6aae1ab44e5f0d7a100b5f36","timestamp":"2026-10-05T10:18:49.604Z"}
{"level":"info","message":"Profile fetched from database and cached: 6aae1ab44e5f0d7a100b5f36","timestamp":"2026-10-05T10:18:49.619Z"}
{"level":"info","message":{"method":"GET","responseTime":"41ms","statusCode":200,"url":"/api/v1/profile"},"timestamp":"2026-10-05T10:18:49.622Z"}
{"level":"info","message":"Invoice cache hit: 6ac328d05301a51a7b435afe","timestamp":"2026-10-05T10:18:50.462Z"}
{"level":"info","message":{"method":"GET","responseTime":"34ms","statusCode":304,"url":"/api/v1/invoice/6ac328d05301a51a7b435afe"},"timestamp":"2026-10-05T10:18:50.464Z"}
{"level":"info","message":"Dashboard cache miss: 6aae1ab44e5f0d7a100b5f36","timestamp":"2026-10-05T10:18:53.170Z"}
{"level":"info","message":"Dashboard cache miss: 6aae1ab44e5f0d7a100b5f36","timestamp":"2026-10-05T10:18:53.194Z"}
{"level":"info","message":"Business profile fetched from DB and cached: 6aae1ab44e5f0d7a100b5f36","timestamp":"2026-10-05T10:18:53.257Z"}
{"level":"info","message":{"method":"GET","responseTime":"93ms","statusCode":200,"url":"/api/v1/business"},"timestamp":"2026-10-05T10:18:53.260Z"}
{"level":"info","message":"Dashboard fetched from database and cached: 6aae1ab44e5f0d7a100b5f36","timestamp":"2026-10-05T10:18:53.266Z"}
{"level":"info","message":{"method":"GET","responseTime":"106ms","statusCode":200,"url":"/api/v1/dashboard?page=1&limit=10&sortBy=createdAt&sortOrder=desc"},"timestamp":"2026-10-05T10:18:53.267Z"}
{"level":"info","message":"Dashboard fetched from database and cached: 6aae1ab44e5f0d7a100b5f36","timestamp":"2026-10-05T10:18:53.292Z"}
{"level":"info","message":"Invoice cache miss: 6ac328b75301a51a7b435afd","timestamp":"2026-10-05T10:18:56.770Z"}
{"level":"info","message":"Invoice fetched from DB and cached: 6ac328b75301a51a7b435afd","timestamp":"2026-10-05T10:18:56.788Z"}
{"level":"info","message":{"method":"GET","responseTime":"43ms","statusCode":304,"url":"/api/v1/invoice/6ac328b75301a51a7b435afd"},"timestamp":"2026-10-05T10:18:56.790Z"}
{"level":"info","message":"Invoice PDF cache hit: 6ac328b75301a51a7b435afd","timestamp":"2026-10-05T10:18:57.962Z"}
{"level":"info","message":{"method":"GET","responseTime":"18ms","statusCode":304,"url":"/api/v1/invoice/6ac328b75301a51a7b435afd/pdf"},"timestamp":"2026-10-05T10:18:57.963Z"}
{"level":"info","message":"Email worker started","timestamp":"2026-10-05T10:23:09.547Z"}
{"level":"info","message":"Email worker started","timestamp":"2026-10-05T10:23:19.344Z"}
{"level":"info","message":"Profile cache hit: 6aae1ab44e5f0d7a100b5f36","timestamp":"2026-10-05T10:23:22.261Z"}
{"level":"info","message":{"method":"GET","responseTime":"49ms","statusCode":304,"url":"/api/v1/profile"},"timestamp":"2026-10-05T10:23:22.268Z"}
{"level":"info","message":"Invoice cache hit: 6ac328b75301a51a7b435afd","timestamp":"2026-10-05T10:23:22.889Z"}
{"level":"info","message":{"method":"GET","responseTime":"27ms","statusCode":304,"url":"/api/v1/invoice/6ac328b75301a51a7b435afd"},"timestamp":"2026-10-05T10:23:22.890Z"}
{"level":"info","message":"Business profile cache hit: 6aae1ab44e5f0d7a100b5f36","timestamp":"2026-10-05T10:23:26.855Z"}
{"level":"info","message":{"method":"GET","responseTime":"26ms","statusCode":304,"url":"/api/v1/business"},"timestamp":"2026-10-05T10:23:26.858Z"}
{"level":"info","message":"Dashboard cache hit: 6aae1ab44e5f0d7a100b5f36","timestamp":"2026-10-05T10:23:26.876Z"}
{"level":"info","message":{"method":"GET","responseTime":"26ms","statusCode":200,"url":"/api/v1/dashboard?page=1&limit=10&sortBy=createdAt&sortOrder=desc"},"timestamp":"2026-10-05T10:23:26.877Z"}
{"level":"info","message":"Invoice PDF cache hit: 6ac328b75301a51a7b435afd","timestamp":"2026-10-05T10:23:32.735Z"}
{"level":"info","message":{"method":"GET","responseTime":"18ms","statusCode":304,"url":"/api/v1/invoice/6ac328b75301a51a7b435afd/pdf"},"timestamp":"2026-10-05T10:23:32.736Z"}
{"level":"info","message":"Dashboard cache miss: 6aae1ab44e5f0d7a100b5f36","timestamp":"2026-10-05T10:24:15.337Z"}
{"level":"info","message":"Dashboard fetched from database and cached: 6aae1ab44e5f0d7a100b5f36","timestamp":"2026-10-05T10:24:15.462Z"}
{"level":"info","message":{"method":"GET","responseTime":"146ms","statusCode":200,"url":"/api/v1/dashboard?page=1&limit=10&sortBy=status&sortOrder=desc"},"timestamp":"2026-10-05T10:24:15.464Z"}
{"level":"info","message":"Invoice cache miss: 6ac32d31a8c6867d147559c9","timestamp":"2026-10-05T10:24:22.337Z"}
{"level":"info","message":"Invoice fetched from DB and cached: 6ac32d31a8c6867d147559c9","timestamp":"2026-10-05T10:24:22.363Z"}
{"level":"info","message":{"method":"GET","responseTime":"57ms","statusCode":200,"url":"/api/v1/invoice/6ac32d31a8c6867d147559c9"},"timestamp":"2026-10-05T10:24:22.368Z"}
{"level":"info","message":"Invoice PDF cache miss: 6ac32d31a8c6867d147559c9","timestamp":"2026-10-05T10:24:23.561Z"}
{"level":"info","message":"Invoice PDF generation job queued: 19","timestamp":"2026-10-05T10:24:23.585Z"}
{"level":"info","message":{"method":"GET","responseTime":"42ms","statusCode":202,"url":"/api/v1/invoice/6ac32d31a8c6867d147559c9/pdf"},"timestamp":"2026-10-05T10:24:23.587Z"}
{"level":"info","message":"Processing PDF job: 19","timestamp":"2026-10-05T10:24:23.593Z"}
{"level":"info","message":"PDF generated and cached: SKY-1011","timestamp":"2026-10-05T10:24:23.656Z"}
{"level":"info","message":"PDF job completed: 19","timestamp":"2026-10-05T10:24:23.672Z"}
{"level":"info","message":"Invoice PDF cache hit: 6ac32d31a8c6867d147559c9","timestamp":"2026-10-05T10:24:25.366Z"}
{"level":"info","message":{"method":"GET","responseTime":"17ms","statusCode":200,"url":"/api/v1/invoice/6ac32d31a8c6867d147559c9/pdf"},"timestamp":"2026-10-05T10:24:25.367Z"}
{"level":"info","message":"Email worker started","timestamp":"2026-10-05T10:25:58.342Z"}
{"level":"info","message":"Dashboard cache hit: 6aae1ab44e5f0d7a100b5f36","timestamp":"2026-10-05T10:26:01.270Z"}
{"level":"info","message":{"method":"GET","responseTime":"41ms","statusCode":304,"url":"/api/v1/dashboard?page=1&limit=10&sortBy=createdAt&sortOrder=desc"},"timestamp":"2026-10-05T10:26:01.276Z"}
{"level":"info","message":"Dashboard cache miss: 6aae1ab44e5f0d7a100b5f36","timestamp":"2026-10-05T10:26:03.347Z"}
{"level":"info","message":"Dashboard fetched from database and cached: 6aae1ab44e5f0d7a100b5f36","timestamp":"2026-10-05T10:26:03.467Z"}
{"level":"info","message":{"method":"GET","responseTime":"139ms","statusCode":200,"url":"/api/v1/dashboard?page=2&limit=10&sortBy=createdAt&sortOrder=desc"},"timestamp":"2026-10-05T10:26:03.469Z"}
{"level":"info","message":"Invoice cache miss: 6ab537d8611615db8482d6b1","timestamp":"2026-10-05T10:26:09.427Z"}
{"level":"info","message":"Invoice fetched from DB and cached: 6ab537d8611615db8482d6b1","timestamp":"2026-10-05T10:26:09.443Z"}
{"level":"info","message":{"method":"GET","responseTime":"40ms","statusCode":200,"url":"/api/v1/invoice/6ab537d8611615db8482d6b1"},"timestamp":"2026-10-05T10:26:09.445Z"}
{"level":"info","message":"Invoice PDF cache miss: 6ab537d8611615db8482d6b1","timestamp":"2026-10-05T10:26:10.522Z"}
{"level":"info","message":"Invoice PDF generation job queued: 20","timestamp":"2026-10-05T10:26:10.543Z"}
{"level":"info","message":{"method":"GET","responseTime":"39ms","statusCode":202,"url":"/api/v1/invoice/6ab537d8611615db8482d6b1/pdf"},"timestamp":"2026-10-05T10:26:10.544Z"}
{"level":"info","message":"Processing PDF job: 20","timestamp":"2026-10-05T10:26:10.553Z"}
{"level":"info","message":"PDF generated and cached: SKY-1055","timestamp":"2026-10-05T10:26:10.608Z"}
{"level":"info","message":"PDF job completed: 20","timestamp":"2026-10-05T10:26:10.620Z"}
{"level":"info","message":"Invoice PDF cache hit: 6ab537d8611615db8482d6b1","timestamp":"2026-10-05T10:26:12.209Z"}
{"level":"info","message":{"method":"GET","responseTime":"19ms","statusCode":200,"url":"/api/v1/invoice/6ab537d8611615db8482d6b1/pdf"},"timestamp":"2026-10-05T10:26:12.210Z"}
{"level":"info","message":"Dashboard cache miss: 6aae1ab44e5f0d7a100b5f36","timestamp":"2026-10-05T10:26:50.799Z"}
{"level":"info","message":"Dashboard fetched from database and cached: 6aae1ab44e5f0d7a100b5f36","timestamp":"2026-10-05T10:26:50.915Z"}
{"level":"info","message":{"method":"GET","responseTime":"132ms","statusCode":200,"url":"/api/v1/dashboard?page=1&limit=10&sortBy=invoiceDate&sortOrder=desc"},"timestamp":"2026-10-05T10:26:50.918Z"}
{"level":"info","message":"Dashboard cache hit: 6aae1ab44e5f0d7a100b5f36","timestamp":"2026-10-05T10:26:53.261Z"}
{"level":"info","message":{"method":"GET","responseTime":"15ms","statusCode":200,"url":"/api/v1/dashboard?page=1&limit=10&sortBy=status&sortOrder=desc"},"timestamp":"2026-10-05T10:26:53.262Z"}
{"level":"info","message":"Dashboard cache miss: 6aae1ab44e5f0d7a100b5f36","timestamp":"2026-10-05T10:26:56.007Z"}
{"level":"info","message":"Dashboard fetched from database and cached: 6aae1ab44e5f0d7a100b5f36","timestamp":"2026-10-05T10:26:56.117Z"}
{"level":"info","message":{"method":"GET","responseTime":"126ms","statusCode":200,"url":"/api/v1/dashboard?page=1&limit=10&sortBy=status&sortOrder=desc&paymentStatus=Paid"},"timestamp":"2026-10-05T10:26:56.119Z"}
{"level":"info","message":"Dashboard cache miss: 6aae1ab44e5f0d7a100b5f36","timestamp":"2026-10-05T10:27:00.359Z"}
{"level":"info","message":"Dashboard fetched from database and cached: 6aae1ab44e5f0d7a100b5f36","timestamp":"2026-10-05T10:27:00.486Z"}
{"level":"info","message":{"method":"GET","responseTime":"144ms","statusCode":200,"url":"/api/v1/dashboard?page=1&limit=10&sortBy=status&sortOrder=desc&paymentStatus=Pending"},"timestamp":"2026-10-05T10:27:00.489Z"}
{"level":"info","message":"Invoice cache miss: 6abddd91c94cbb3bd1514630","timestamp":"2026-10-05T10:27:06.145Z"}
{"level":"info","message":"Invoice fetched from DB and cached: 6abddd91c94cbb3bd1514630","timestamp":"2026-10-05T10:27:06.160Z"}
{"level":"info","message":{"method":"GET","responseTime":"36ms","statusCode":200,"url":"/api/v1/invoice/6abddd91c94cbb3bd1514630"},"timestamp":"2026-10-05T10:27:06.161Z"}
{"level":"info","message":"Invoice PDF cache miss: 6abddd91c94cbb3bd1514630","timestamp":"2026-10-05T10:27:07.821Z"}
{"level":"info","message":"Invoice PDF generation job queued: 21","timestamp":"2026-10-05T10:27:07.836Z"}
{"level":"info","message":{"method":"GET","responseTime":"28ms","statusCode":202,"url":"/api/v1/invoice/6abddd91c94cbb3bd1514630/pdf"},"timestamp":"2026-10-05T10:27:07.836Z"}
{"level":"info","message":"Processing PDF job: 21","timestamp":"2026-10-05T10:27:07.850Z"}
{"level":"info","message":"PDF generated and cached: SKY-1004","timestamp":"2026-10-05T10:27:07.902Z"}
{"level":"info","message":"PDF job completed: 21","timestamp":"2026-10-05T10:27:07.912Z"}
{"level":"info","message":"Invoice PDF cache hit: 6abddd91c94cbb3bd1514630","timestamp":"2026-10-05T10:27:09.568Z"}
{"level":"info","message":{"method":"GET","responseTime":"19ms","statusCode":200,"url":"/api/v1/invoice/6abddd91c94cbb3bd1514630/pdf"},"timestamp":"2026-10-05T10:27:09.569Z"}
{"level":"info","message":"Email worker started","timestamp":"2026-10-05T10:29:07.770Z"}
{"level":"info","message":"Email worker started","timestamp":"2026-10-05T10:30:53.061Z"}
{"level":"info","message":"Shutting down email worker...","timestamp":"2026-10-05T10:31:13.811Z"}
{"level":"info","message":"Graceful shutdown started...","timestamp":"2026-10-05T10:31:13.817Z"}
{"level":"info","message":"HTTP server closed","timestamp":"2026-10-05T10:31:13.821Z"}
{"level":"info","message":"Email worker stopped","timestamp":"2026-10-05T10:31:13.830Z"}
{"level":"info","message":"Email worker started","timestamp":"2026-10-05T10:50:57.852Z"}
{"level":"info","message":"Shutting down email worker...","timestamp":"2026-10-05T10:51:03.123Z"}
{"level":"info","message":"Graceful shutdown started...","timestamp":"2026-10-05T10:51:03.124Z"}
{"level":"info","message":"HTTP server closed","timestamp":"2026-10-05T10:51:03.125Z"}
{"level":"info","message":"Email worker stopped","timestamp":"2026-10-05T10:51:03.137Z"}
{"level":"info","message":"Email worker started","timestamp":"2026-10-05T10:54:48.474Z"}
{"level":"error","message":"Authentication token is required","method":"GET","stack":"Error: Authentication token is required\n    at file:///workspaces/invoice-Genrator/Backend/src/middleware/auth.middleware.js:23:15\n    at file:///workspaces/invoice-Genrator/Backend/src/middleware/TryCatch.js:6:19\n    at Layer.handleRequest (/workspaces/invoice-Genrator/Backend/node_modules/router/lib/layer.js:152:17)\n    at next (/workspaces/invoice-Genrator/Backend/node_modules/router/lib/route.js:157:13)\n    at file:///workspaces/invoice-Genrator/Backend/node_modules/express-rate-limit/dist/index.mjs:1010:7\n    at process.processTicksAndRejections (node:internal/process/task_queues:104:5)\n    at async file:///workspaces/invoice-Genrator/Backend/node_modules/express-rate-limit/dist/index.mjs:830:5","statusCode":401,"timestamp":"2026-10-05T10:55:13.628Z","url":"/api/v1/profile"}
{"level":"info","message":{"method":"GET","responseTime":"35ms","statusCode":401,"url":"/api/v1/profile"},"timestamp":"2026-10-05T10:55:13.633Z"}
{"level":"info","message":"Refresh token rotated successfully: 6aae1ab44e5f0d7a100b5f36","timestamp":"2026-10-05T10:55:13.893Z"}
{"level":"info","message":{"method":"POST","responseTime":"66ms","statusCode":200,"url":"/api/v1/refresh-token"},"timestamp":"2026-10-05T10:55:13.896Z"}
{"level":"info","message":"Profile cache hit: 6aae1ab44e5f0d7a100b5f36","timestamp":"2026-10-05T10:55:14.107Z"}
{"level":"info","message":{"method":"GET","responseTime":"28ms","statusCode":200,"url":"/api/v1/profile"},"timestamp":"2026-10-05T10:55:14.110Z"}
{"level":"info","message":"Business profile cache hit: 6aae1ab44e5f0d7a100b5f36","timestamp":"2026-10-05T10:55:14.995Z"}
{"level":"info","message":{"method":"GET","responseTime":"22ms","statusCode":200,"url":"/api/v1/business"},"timestamp":"2026-10-05T10:55:14.999Z"}
{"level":"info","message":"Dashboard cache hit: 6aae1ab44e5f0d7a100b5f36","timestamp":"2026-10-05T10:55:15.198Z"}
{"level":"info","message":{"method":"GET","responseTime":"32ms","statusCode":200,"url":"/api/v1/dashboard"},"timestamp":"2026-10-05T10:55:15.200Z"}
{"level":"info","message":"Dashboard cache hit: 6aae1ab44e5f0d7a100b5f36","timestamp":"2026-10-05T10:55:25.187Z"}
{"level":"info","message":{"method":"GET","responseTime":"21ms","statusCode":200,"url":"/api/v1/dashboard?page=1&limit=10&sortBy=createdAt&sortOrder=desc"},"timestamp":"2026-10-05T10:55:25.190Z"}
{"level":"info","message":"Invoice cache miss: 6abddd91c94cbb3bd1514630","timestamp":"2026-10-05T10:55:29.178Z"}
{"level":"info","message":"Invoice fetched from DB and cached: 6abddd91c94cbb3bd1514630","timestamp":"2026-10-05T10:55:29.196Z"}
{"level":"info","message":{"method":"GET","responseTime":"42ms","statusCode":304,"url":"/api/v1/invoice/6abddd91c94cbb3bd1514630"},"timestamp":"2026-10-05T10:55:29.197Z"}
{"level":"info","message":"Invoice PDF cache hit: 6abddd91c94cbb3bd1514630","timestamp":"2026-10-05T10:55:31.708Z"}
{"level":"info","message":{"method":"GET","responseTime":"17ms","statusCode":304,"url":"/api/v1/invoice/6abddd91c94cbb3bd1514630/pdf"},"timestamp":"2026-10-05T10:55:31.709Z"}
{"level":"info","message":"Invoice email job queued: 21","timestamp":"2026-10-05T10:55:38.130Z"}
{"level":"info","message":{"method":"POST","responseTime":"40ms","statusCode":202,"url":"/api/v1/invoice/6abddd91c94cbb3bd1514630/email"},"timestamp":"2026-10-05T10:55:38.131Z"}
{"level":"info","message":"Processing invoice email job: 21","timestamp":"2026-10-05T10:55:38.146Z"}
{"level":"error","message":"Email sending failed: nikhilsingh2764@gmail.com - {\"message\":\"We have detected you are using an unrecognised IP address 4.240.39.200. If you performed this action make sure to add the new IP address in this link: https://app.brevo.com/security/authorised_ips\",\"code\":\"unauthorized\"}\n","timestamp":"2026-10-05T10:55:39.129Z"}
{"error":"Failed to send email","jobId":"21","level":"error","message":"Invoice email job failed","stack":"Error: Failed to send email\n    at sendEmail (file:///workspaces/invoice-Genrator/Backend/src/service/auth/email.service.js:110:19)\n    at process.processTicksAndRejections (node:internal/process/task_queues:104:5)\n    at async Worker.connection [as processFn] (file:///workspaces/invoice-Genrator/Backend/src/worker/invoiceEmail.worker.js:32:9)\n    at async /workspaces/invoice-Genrator/Backend/node_modules/bullmq/dist/cjs/classes/worker.js:582:32","timestamp":"2026-10-05T10:55:39.146Z"}
{"level":"info","message":"Processing invoice email job: 21","timestamp":"2026-10-05T10:55:44.150Z"}
{"level":"error","message":"Email sending failed: nikhilsingh2764@gmail.com - {\"message\":\"We have detected you are using an unrecognised IP address 4.240.39.200. If you performed this action make sure to add the new IP address in this link: https://app.brevo.com/security/authorised_ips\",\"code\":\"unauthorized\"}\n","timestamp":"2026-10-05T10:55:45.067Z"}
{"error":"Failed to send email","jobId":"21","level":"error","message":"Invoice email job failed","stack":"Error: Failed to send email\n    at sendEmail (file:///workspaces/invoice-Genrator/Backend/src/service/auth/email.service.js:110:19)\n    at process.processTicksAndRejections (node:internal/process/task_queues:104:5)\n    at async Worker.connection [as processFn] (file:///workspaces/invoice-Genrator/Backend/src/worker/invoiceEmail.worker.js:32:9)\n    at async /workspaces/invoice-Genrator/Backend/node_modules/bullmq/dist/cjs/classes/worker.js:582:32","timestamp":"2026-10-05T10:55:45.075Z"}
{"level":"info","message":"Processing invoice email job: 21","timestamp":"2026-10-05T10:55:55.088Z"}
{"level":"error","message":"Email sending failed: nikhilsingh2764@gmail.com - {\"message\":\"We have detected you are using an unrecognised IP address 4.240.39.200. If you performed this action make sure to add the new IP address in this link: https://app.brevo.com/security/authorised_ips\",\"code\":\"unauthorized\"}\n","timestamp":"2026-10-05T10:55:55.983Z"}
{"error":"Failed to send email","jobId":"21","level":"error","message":"Invoice email job failed","stack":"Error: Failed to send email\n    at sendEmail (file:///workspaces/invoice-Genrator/Backend/src/service/auth/email.service.js:110:19)\n    at process.processTicksAndRejections (node:internal/process/task_queues:104:5)\n    at async Worker.connection [as processFn] (file:///workspaces/invoice-Genrator/Backend/src/worker/invoiceEmail.worker.js:32:9)\n    at async /workspaces/invoice-Genrator/Backend/node_modules/bullmq/dist/cjs/classes/worker.js:582:32","timestamp":"2026-10-05T10:55:56.001Z"}
{"level":"info","message":"Email worker started","timestamp":"2026-10-05T10:57:48.292Z"}
{"level":"info","message":"Email worker started","timestamp":"2026-10-05T10:58:14.606Z"}
{"level":"info","message":"Invoice email job queued: 22","timestamp":"2026-10-05T10:58:16.766Z"}
{"level":"info","message":{"method":"POST","responseTime":"56ms","statusCode":202,"url":"/api/v1/invoice/6abddd91c94cbb3bd1514630/email"},"timestamp":"2026-10-05T10:58:16.772Z"}
{"level":"info","message":"Processing invoice email job: 22","timestamp":"2026-10-05T10:58:16.783Z"}
{"level":"info","message":"Sending invoice email: invoice=SKY-1004 to=nikhilsingh2764@gmail.com from=nikhilsingh11346@gmail.com subject=\"Invoice SKY-1004 from Nextpen Solutions pvt ltd - ₹8,68,82,992.00 due 30 Oct 2026\" pdfKB=4","timestamp":"2026-10-05T10:58:16.847Z"}
{"level":"error","message":"Email sending failed: nikhilsingh2764@gmail.com - [Brevo 401] {\"message\":\"We have detected you are using an unrecognised IP address 4.240.39.200. If you performed this action make sure to add the new IP address in this link: https://app.brevo.com/security/authorised_ips\",\"code\":\"unauthorized\"}\n","timestamp":"2026-10-05T10:58:17.849Z"}
{"error":"Failed to send email","jobId":"22","level":"error","message":"Invoice email job failed","reason":[{"provider":"brevo","reason":"{\"message\":\"We have detected you are using an unrecognised IP address 4.240.39.200. If you performed this action make sure to add the new IP address in this link: https://app.brevo.com/security/authorised_ips\",\"code\":\"unauthorized\"}\n","status":401}],"stack":"Error: Failed to send email\n    at sendEmail (file:///workspaces/invoice-Genrator/Backend/src/service/auth/email.service.js:111:19)\n    at process.processTicksAndRejections (node:internal/process/task_queues:104:5)\n    at async Worker.connection [as processFn] (file:///workspaces/invoice-Genrator/Backend/src/worker/invoiceEmail.worker.js:37:9)\n    at async /workspaces/invoice-Genrator/Backend/node_modules/bullmq/dist/cjs/classes/worker.js:582:32","timestamp":"2026-10-05T10:58:17.866Z"}
{"level":"info","message":"Processing invoice email job: 22","timestamp":"2026-10-05T10:58:22.868Z"}
{"level":"info","message":"Sending invoice email: invoice=SKY-1004 to=nikhilsingh2764@gmail.com from=nikhilsingh11346@gmail.com subject=\"Invoice SKY-1004 from Nextpen Solutions pvt ltd - ₹8,68,82,992.00 due 30 Oct 2026\" pdfKB=4","timestamp":"2026-10-05T10:58:22.897Z"}
{"level":"error","message":"Email sending failed: nikhilsingh2764@gmail.com - [Brevo 401] {\"message\":\"We have detected you are using an unrecognised IP address 4.240.39.200. If you performed this action make sure to add the new IP address in this link: https://app.brevo.com/security/authorised_ips\",\"code\":\"unauthorized\"}\n","timestamp":"2026-10-05T10:58:23.771Z"}
{"error":"Failed to send email","jobId":"22","level":"error","message":"Invoice email job failed","reason":[{"provider":"brevo","reason":"{\"message\":\"We have detected you are using an unrecognised IP address 4.240.39.200. If you performed this action make sure to add the new IP address in this link: https://app.brevo.com/security/authorised_ips\",\"code\":\"unauthorized\"}\n","status":401}],"stack":"Error: Failed to send email\n    at sendEmail (file:///workspaces/invoice-Genrator/Backend/src/service/auth/email.service.js:111:19)\n    at process.processTicksAndRejections (node:internal/process/task_queues:104:5)\n    at async Worker.connection [as processFn] (file:///workspaces/invoice-Genrator/Backend/src/worker/invoiceEmail.worker.js:37:9)\n    at async /workspaces/invoice-Genrator/Backend/node_modules/bullmq/dist/cjs/classes/worker.js:582:32","timestamp":"2026-10-05T10:58:23.778Z"}
{"level":"info","message":"Processing invoice email job: 22","timestamp":"2026-10-05T10:58:33.789Z"}
{"level":"info","message":"Sending invoice email: invoice=SKY-1004 to=nikhilsingh2764@gmail.com from=nikhilsingh11346@gmail.com subject=\"Invoice SKY-1004 from Nextpen Solutions pvt ltd - ₹8,68,82,992.00 due 30 Oct 2026\" pdfKB=4","timestamp":"2026-10-05T10:58:33.830Z"}
{"level":"error","message":"Email sending failed: nikhilsingh2764@gmail.com - [Brevo 401] {\"message\":\"We have detected you are using an unrecognised IP address 4.240.39.200. If you performed this action make sure to add the new IP address in this link: https://app.brevo.com/security/authorised_ips\",\"code\":\"unauthorized\"}\n","timestamp":"2026-10-05T10:58:34.693Z"}
{"error":"Failed to send email","jobId":"22","level":"error","message":"Invoice email job failed","reason":[{"provider":"brevo","reason":"{\"message\":\"We have detected you are using an unrecognised IP address 4.240.39.200. If you performed this action make sure to add the new IP address in this link: https://app.brevo.com/security/authorised_ips\",\"code\":\"unauthorized\"}\n","status":401}],"stack":"Error: Failed to send email\n    at sendEmail (file:///workspaces/invoice-Genrator/Backend/src/service/auth/email.service.js:111:19)\n    at process.processTicksAndRejections (node:internal/process/task_queues:104:5)\n    at async Worker.connection [as processFn] (file:///workspaces/invoice-Genrator/Backend/src/worker/invoiceEmail.worker.js:37:9)\n    at async /workspaces/invoice-Genrator/Backend/node_modules/bullmq/dist/cjs/classes/worker.js:582:32","timestamp":"2026-10-05T10:58:34.706Z"}
{"level":"info","message":"Invoice email job queued: 23","timestamp":"2026-10-05T11:00:11.168Z"}
{"level":"info","message":{"method":"POST","responseTime":"39ms","statusCode":202,"url":"/api/v1/invoice/6abddd91c94cbb3bd1514630/email"},"timestamp":"2026-10-05T11:00:11.169Z"}
{"level":"info","message":"Processing invoice email job: 23","timestamp":"2026-10-05T11:00:11.181Z"}
{"level":"info","message":"Sending invoice email: invoice=SKY-1004 to=nikhilsingh2764@gmail.com from=nikhilsingh11346@gmail.com subject=\"Invoice SKY-1004 from Nextpen Solutions pvt ltd - ₹8,68,82,992.00 due 30 Oct 2026\" pdfKB=4","timestamp":"2026-10-05T11:00:11.215Z"}
{"level":"error","message":"Email sending failed: nikhilsingh2764@gmail.com - [Brevo 401] {\"message\":\"We have detected you are using an unrecognised IP address 4.240.39.200. If you performed this action make sure to add the new IP address in this link: https://app.brevo.com/security/authorised_ips\",\"code\":\"unauthorized\"}\n","timestamp":"2026-10-05T11:00:12.164Z"}
{"error":"Failed to send email","jobId":"23","level":"error","message":"Invoice email job failed","reason":[{"provider":"brevo","reason":"{\"message\":\"We have detected you are using an unrecognised IP address 4.240.39.200. If you performed this action make sure to add the new IP address in this link: https://app.brevo.com/security/authorised_ips\",\"code\":\"unauthorized\"}\n","status":401}],"stack":"Error: Failed to send email\n    at sendEmail (file:///workspaces/invoice-Genrator/Backend/src/service/auth/email.service.js:111:19)\n    at process.processTicksAndRejections (node:internal/process/task_queues:104:5)\n    at async Worker.connection [as processFn] (file:///workspaces/invoice-Genrator/Backend/src/worker/invoiceEmail.worker.js:37:9)\n    at async /workspaces/invoice-Genrator/Backend/node_modules/bullmq/dist/cjs/classes/worker.js:582:32","timestamp":"2026-10-05T11:00:12.170Z"}
{"level":"info","message":"Processing invoice email job: 23","timestamp":"2026-10-05T11:00:17.180Z"}
{"level":"info","message":"Sending invoice email: invoice=SKY-1004 to=nikhilsingh2764@gmail.com from=nikhilsingh11346@gmail.com subject=\"Invoice SKY-1004 from Nextpen Solutions pvt ltd - ₹8,68,82,992.00 due 30 Oct 2026\" pdfKB=4","timestamp":"2026-10-05T11:00:17.206Z"}
{"level":"error","message":"Email sending failed: nikhilsingh2764@gmail.com - [Brevo 401] {\"message\":\"We have detected you are using an unrecognised IP address 4.240.39.200. If you performed this action make sure to add the new IP address in this link: https://app.brevo.com/security/authorised_ips\",\"code\":\"unauthorized\"}\n","timestamp":"2026-10-05T11:00:18.123Z"}
{"error":"Failed to send email","jobId":"23","level":"error","message":"Invoice email job failed","reason":[{"provider":"brevo","reason":"{\"message\":\"We have detected you are using an unrecognised IP address 4.240.39.200. If you performed this action make sure to add the new IP address in this link: https://app.brevo.com/security/authorised_ips\",\"code\":\"unauthorized\"}\n","status":401}],"stack":"Error: Failed to send email\n    at sendEmail (file:///workspaces/invoice-Genrator/Backend/src/service/auth/email.service.js:111:19)\n    at process.processTicksAndRejections (node:internal/process/task_queues:104:5)\n    at async Worker.connection [as processFn] (file:///workspaces/invoice-Genrator/Backend/src/worker/invoiceEmail.worker.js:37:9)\n    at async /workspaces/invoice-Genrator/Backend/node_modules/bullmq/dist/cjs/classes/worker.js:582:32","timestamp":"2026-10-05T11:00:18.128Z"}
{"level":"info","message":"Processing invoice email job: 23","timestamp":"2026-10-05T11:00:28.139Z"}
{"level":"info","message":"Sending invoice email: invoice=SKY-1004 to=nikhilsingh2764@gmail.com from=nikhilsingh11346@gmail.com subject=\"Invoice SKY-1004 from Nextpen Solutions pvt ltd - ₹8,68,82,992.00 due 30 Oct 2026\" pdfKB=4","timestamp":"2026-10-05T11:00:28.174Z"}
{"level":"error","message":"Email sending failed: nikhilsingh2764@gmail.com - [Brevo 401] {\"message\":\"We have detected you are using an unrecognised IP address 4.240.39.200. If you performed this action make sure to add the new IP address in this link: https://app.brevo.com/security/authorised_ips\",\"code\":\"unauthorized\"}\n","timestamp":"2026-10-05T11:00:29.093Z"}
{"error":"Failed to send email","jobId":"23","level":"error","message":"Invoice email job failed","reason":[{"provider":"brevo","reason":"{\"message\":\"We have detected you are using an unrecognised IP address 4.240.39.200. If you performed this action make sure to add the new IP address in this link: https://app.brevo.com/security/authorised_ips\",\"code\":\"unauthorized\"}\n","status":401}],"stack":"Error: Failed to send email\n    at sendEmail (file:///workspaces/invoice-Genrator/Backend/src/service/auth/email.service.js:111:19)\n    at process.processTicksAndRejections (node:internal/process/task_queues:104:5)\n    at async Worker.connection [as processFn] (file:///workspaces/invoice-Genrator/Backend/src/worker/invoiceEmail.worker.js:37:9)\n    at async /workspaces/invoice-Genrator/Backend/node_modules/bullmq/dist/cjs/classes/worker.js:582:32","timestamp":"2026-10-05T11:00:29.100Z"}
{"level":"info","message":"Invoice email job queued: 24","timestamp":"2026-10-05T11:01:23.332Z"}
{"level":"info","message":{"method":"POST","responseTime":"35ms","statusCode":202,"url":"/api/v1/invoice/6abddd91c94cbb3bd1514630/email"},"timestamp":"2026-10-05T11:01:23.333Z"}
{"level":"info","message":"Processing invoice email job: 24","timestamp":"2026-10-05T11:01:23.342Z"}
{"level":"info","message":"Sending invoice email: invoice=SKY-1004 to=nikhilsingh2764@gmail.com from=nikhilsingh11346@gmail.com subject=\"Invoice SKY-1004 from Nextpen Solutions pvt ltd - ₹8,68,82,992.00 due 30 Oct 2026\" pdfKB=4","timestamp":"2026-10-05T11:01:23.380Z"}
{"level":"error","message":"Email sending failed: nikhilsingh2764@gmail.com - [Brevo 401] {\"message\":\"We have detected you are using an unrecognised IP address 4.240.39.200. If you performed this action make sure to add the new IP address in this link: https://app.brevo.com/security/authorised_ips\",\"code\":\"unauthorized\"}\n","timestamp":"2026-10-05T11:01:23.990Z"}
{"error":"Failed to send email","jobId":"24","level":"error","message":"Invoice email job failed","reason":[{"provider":"brevo","reason":"{\"message\":\"We have detected you are using an unrecognised IP address 4.240.39.200. If you performed this action make sure to add the new IP address in this link: https://app.brevo.com/security/authorised_ips\",\"code\":\"unauthorized\"}\n","status":401}],"stack":"Error: Failed to send email\n    at sendEmail (file:///workspaces/invoice-Genrator/Backend/src/service/auth/email.service.js:111:19)\n    at process.processTicksAndRejections (node:internal/process/task_queues:104:5)\n    at async Worker.connection [as processFn] (file:///workspaces/invoice-Genrator/Backend/src/worker/invoiceEmail.worker.js:37:9)\n    at async /workspaces/invoice-Genrator/Backend/node_modules/bullmq/dist/cjs/classes/worker.js:582:32","timestamp":"2026-10-05T11:01:23.996Z"}
{"level":"info","message":"Processing invoice email job: 24","timestamp":"2026-10-05T11:01:29.010Z"}
{"level":"info","message":"Sending invoice email: invoice=SKY-1004 to=nikhilsingh2764@gmail.com from=nikhilsingh11346@gmail.com subject=\"Invoice SKY-1004 from Nextpen Solutions pvt ltd - ₹8,68,82,992.00 due 30 Oct 2026\" pdfKB=4","timestamp":"2026-10-05T11:01:29.038Z"}
{"level":"error","message":"Email sending failed: nikhilsingh2764@gmail.com - [Brevo 401] {\"message\":\"We have detected you are using an unrecognised IP address 4.240.39.200. If you performed this action make sure to add the new IP address in this link: https://app.brevo.com/security/authorised_ips\",\"code\":\"unauthorized\"}\n","timestamp":"2026-10-05T11:01:29.803Z"}
{"error":"Failed to send email","jobId":"24","level":"error","message":"Invoice email job failed","reason":[{"provider":"brevo","reason":"{\"message\":\"We have detected you are using an unrecognised IP address 4.240.39.200. If you performed this action make sure to add the new IP address in this link: https://app.brevo.com/security/authorised_ips\",\"code\":\"unauthorized\"}\n","status":401}],"stack":"Error: Failed to send email\n    at sendEmail (file:///workspaces/invoice-Genrator/Backend/src/service/auth/email.service.js:111:19)\n    at process.processTicksAndRejections (node:internal/process/task_queues:104:5)\n    at async Worker.connection [as processFn] (file:///workspaces/invoice-Genrator/Backend/src/worker/invoiceEmail.worker.js:37:9)\n    at async /workspaces/invoice-Genrator/Backend/node_modules/bullmq/dist/cjs/classes/worker.js:582:32","timestamp":"2026-10-05T11:01:29.809Z"}
{"level":"info","message":"Processing invoice email job: 24","timestamp":"2026-10-05T11:01:39.825Z"}
{"level":"info","message":"Sending invoice email: invoice=SKY-1004 to=nikhilsingh2764@gmail.com from=nikhilsingh11346@gmail.com subject=\"Invoice SKY-1004 from Nextpen Solutions pvt ltd - ₹8,68,82,992.00 due 30 Oct 2026\" pdfKB=4","timestamp":"2026-10-05T11:01:39.860Z"}
{"level":"error","message":"Email sending failed: nikhilsingh2764@gmail.com - [Brevo 401] {\"message\":\"We have detected you are using an unrecognised IP address 4.240.39.200. If you performed this action make sure to add the new IP address in this link: https://app.brevo.com/security/authorised_ips\",\"code\":\"unauthorized\"}\n","timestamp":"2026-10-05T11:01:40.689Z"}
{"error":"Failed to send email","jobId":"24","level":"error","message":"Invoice email job failed","reason":[{"provider":"brevo","reason":"{\"message\":\"We have detected you are using an unrecognised IP address 4.240.39.200. If you performed this action make sure to add the new IP address in this link: https://app.brevo.com/security/authorised_ips\",\"code\":\"unauthorized\"}\n","status":401}],"stack":"Error: Failed to send email\n    at sendEmail (file:///workspaces/invoice-Genrator/Backend/src/service/auth/email.service.js:111:19)\n    at process.processTicksAndRejections (node:internal/process/task_queues:104:5)\n    at async Worker.connection [as processFn] (file:///workspaces/invoice-Genrator/Backend/src/worker/invoiceEmail.worker.js:37:9)\n    at async /workspaces/invoice-Genrator/Backend/node_modules/bullmq/dist/cjs/classes/worker.js:582:32","timestamp":"2026-10-05T11:01:40.697Z"}
{"level":"info","message":"Profile cache miss: 6aae1ab44e5f0d7a100b5f36","timestamp":"2026-10-05T11:02:02.823Z"}
{"level":"info","message":"Profile fetched from database and cached: 6aae1ab44e5f0d7a100b5f36","timestamp":"2026-10-05T11:02:02.839Z"}
{"level":"info","message":{"method":"GET","responseTime":"37ms","statusCode":304,"url":"/api/v1/profile"},"timestamp":"2026-10-05T11:02:02.840Z"}
{"level":"info","message":"Invoice cache hit: 6abddd91c94cbb3bd1514630","timestamp":"2026-10-05T11:02:03.348Z"}
{"level":"info","message":{"method":"GET","responseTime":"19ms","statusCode":304,"url":"/api/v1/invoice/6abddd91c94cbb3bd1514630"},"timestamp":"2026-10-05T11:02:03.349Z"}
{"level":"info","message":"Invoice email job queued: 25","timestamp":"2026-10-05T11:02:05.968Z"}
{"level":"info","message":{"method":"POST","responseTime":"30ms","statusCode":202,"url":"/api/v1/invoice/6abddd91c94cbb3bd1514630/email"},"timestamp":"2026-10-05T11:02:05.970Z"}
{"level":"info","message":"Processing invoice email job: 25","timestamp":"2026-10-05T11:02:05.982Z"}
{"level":"info","message":"Sending invoice email: invoice=SKY-1004 to=nikhilsingh2764@gmail.com from=nikhilsingh11346@gmail.com subject=\"Invoice SKY-1004 from Nextpen Solutions pvt ltd - ₹8,68,82,992.00 due 30 Oct 2026\" pdfKB=4","timestamp":"2026-10-05T11:02:06.006Z"}
{"level":"error","message":"Email sending failed: nikhilsingh2764@gmail.com - [Brevo 401] {\"message\":\"We have detected you are using an unrecognised IP address 4.240.39.200. If you performed this action make sure to add the new IP address in this link: https://app.brevo.com/security/authorised_ips\",\"code\":\"unauthorized\"}\n","timestamp":"2026-10-05T11:02:06.844Z"}
{"error":"Failed to send email","jobId":"25","level":"error","message":"Invoice email job failed","reason":[{"provider":"brevo","reason":"{\"message\":\"We have detected you are using an unrecognised IP address 4.240.39.200. If you performed this action make sure to add the new IP address in this link: https://app.brevo.com/security/authorised_ips\",\"code\":\"unauthorized\"}\n","status":401}],"stack":"Error: Failed to send email\n    at sendEmail (file:///workspaces/invoice-Genrator/Backend/src/service/auth/email.service.js:111:19)\n    at process.processTicksAndRejections (node:internal/process/task_queues:104:5)\n    at async Worker.connection [as processFn] (file:///workspaces/invoice-Genrator/Backend/src/worker/invoiceEmail.worker.js:37:9)\n    at async /workspaces/invoice-Genrator/Backend/node_modules/bullmq/dist/cjs/classes/worker.js:582:32","timestamp":"2026-10-05T11:02:06.851Z"}
{"level":"info","message":"Processing invoice email job: 25","timestamp":"2026-10-05T11:02:11.862Z"}
{"level":"info","message":"Sending invoice email: invoice=SKY-1004 to=nikhilsingh2764@gmail.com from=nikhilsingh11346@gmail.com subject=\"Invoice SKY-1004 from Nextpen Solutions pvt ltd - ₹8,68,82,992.00 due 30 Oct 2026\" pdfKB=4","timestamp":"2026-10-05T11:02:11.887Z"}
{"level":"error","message":"Email sending failed: nikhilsingh2764@gmail.com - [Brevo 401] {\"message\":\"We have detected you are using an unrecognised IP address 4.240.39.200. If you performed this action make sure to add the new IP address in this link: https://app.brevo.com/security/authorised_ips\",\"code\":\"unauthorized\"}\n","timestamp":"2026-10-05T11:02:12.975Z"}
{"error":"Failed to send email","jobId":"25","level":"error","message":"Invoice email job failed","reason":[{"provider":"brevo","reason":"{\"message\":\"We have detected you are using an unrecognised IP address 4.240.39.200. If you performed this action make sure to add the new IP address in this link: https://app.brevo.com/security/authorised_ips\",\"code\":\"unauthorized\"}\n","status":401}],"stack":"Error: Failed to send email\n    at sendEmail (file:///workspaces/invoice-Genrator/Backend/src/service/auth/email.service.js:111:19)\n    at process.processTicksAndRejections (node:internal/process/task_queues:104:5)\n    at async Worker.connection [as processFn] (file:///workspaces/invoice-Genrator/Backend/src/worker/invoiceEmail.worker.js:37:9)\n    at async /workspaces/invoice-Genrator/Backend/node_modules/bullmq/dist/cjs/classes/worker.js:582:32","timestamp":"2026-10-05T11:02:12.982Z"}
{"level":"info","message":"Processing invoice email job: 25","timestamp":"2026-10-05T11:02:22.992Z"}
{"level":"info","message":"Sending invoice email: invoice=SKY-1004 to=nikhilsingh2764@gmail.com from=nikhilsingh11346@gmail.com subject=\"Invoice SKY-1004 from Nextpen Solutions pvt ltd - ₹8,68,82,992.00 due 30 Oct 2026\" pdfKB=4","timestamp":"2026-10-05T11:02:23.018Z"}
{"level":"error","message":"Email sending failed: nikhilsingh2764@gmail.com - [Brevo 401] {\"message\":\"We have detected you are using an unrecognised IP address 4.240.39.200. If you performed this action make sure to add the new IP address in this link: https://app.brevo.com/security/authorised_ips\",\"code\":\"unauthorized\"}\n","timestamp":"2026-10-05T11:02:23.857Z"}
{"error":"Failed to send email","jobId":"25","level":"error","message":"Invoice email job failed","reason":[{"provider":"brevo","reason":"{\"message\":\"We have detected you are using an unrecognised IP address 4.240.39.200. If you performed this action make sure to add the new IP address in this link: https://app.brevo.com/security/authorised_ips\",\"code\":\"unauthorized\"}\n","status":401}],"stack":"Error: Failed to send email\n    at sendEmail (file:///workspaces/invoice-Genrator/Backend/src/service/auth/email.service.js:111:19)\n    at process.processTicksAndRejections (node:internal/process/task_queues:104:5)\n    at async Worker.connection [as processFn] (file:///workspaces/invoice-Genrator/Backend/src/worker/invoiceEmail.worker.js:37:9)\n    at async /workspaces/invoice-Genrator/Backend/node_modules/bullmq/dist/cjs/classes/worker.js:582:32","timestamp":"2026-10-05T11:02:23.863Z"}
{"level":"info","message":"Invoice email job queued: 26","timestamp":"2026-10-05T11:03:35.936Z"}
{"level":"info","message":{"method":"POST","responseTime":"26ms","statusCode":202,"url":"/api/v1/invoice/6abddd91c94cbb3bd1514630/email"},"timestamp":"2026-10-05T11:03:35.937Z"}
{"level":"info","message":"Processing invoice email job: 26","timestamp":"2026-10-05T11:03:35.944Z"}
{"level":"info","message":"Sending invoice email: invoice=SKY-1004 to=nikhilsingh2764@gmail.com from=nikhilsingh11346@gmail.com subject=\"Invoice SKY-1004 from Nextpen Solutions pvt ltd - ₹8,68,82,992.00 due 30 Oct 2026\" pdfKB=4","timestamp":"2026-10-05T11:03:35.964Z"}
{"level":"error","message":"Email sending failed: nikhilsingh2764@gmail.com - [Brevo 401] {\"message\":\"We have detected you are using an unrecognised IP address 4.240.39.200. If you performed this action make sure to add the new IP address in this link: https://app.brevo.com/security/authorised_ips\",\"code\":\"unauthorized\"}\n","timestamp":"2026-10-05T11:03:36.784Z"}
{"error":"Failed to send email","jobId":"26","level":"error","message":"Invoice email job failed","reason":[{"provider":"brevo","reason":"{\"message\":\"We have detected you are using an unrecognised IP address 4.240.39.200. If you performed this action make sure to add the new IP address in this link: https://app.brevo.com/security/authorised_ips\",\"code\":\"unauthorized\"}\n","status":401}],"stack":"Error: Failed to send email\n    at sendEmail (file:///workspaces/invoice-Genrator/Backend/src/service/auth/email.service.js:111:19)\n    at process.processTicksAndRejections (node:internal/process/task_queues:104:5)\n    at async Worker.connection [as processFn] (file:///workspaces/invoice-Genrator/Backend/src/worker/invoiceEmail.worker.js:37:9)\n    at async /workspaces/invoice-Genrator/Backend/node_modules/bullmq/dist/cjs/classes/worker.js:582:32","timestamp":"2026-10-05T11:03:36.792Z"}
{"level":"info","message":"Processing invoice email job: 26","timestamp":"2026-10-05T11:03:41.801Z"}
{"level":"info","message":"Sending invoice email: invoice=SKY-1004 to=nikhilsingh2764@gmail.com from=nikhilsingh11346@gmail.com subject=\"Invoice SKY-1004 from Nextpen Solutions pvt ltd - ₹8,68,82,992.00 due 30 Oct 2026\" pdfKB=4","timestamp":"2026-10-05T11:03:41.833Z"}
{"level":"error","message":"Email sending failed: nikhilsingh2764@gmail.com - [Brevo 401] {\"message\":\"We have detected you are using an unrecognised IP address 4.240.39.200. If you performed this action make sure to add the new IP address in this link: https://app.brevo.com/security/authorised_ips\",\"code\":\"unauthorized\"}\n","timestamp":"2026-10-05T11:03:42.435Z"}
{"error":"Failed to send email","jobId":"26","level":"error","message":"Invoice email job failed","reason":[{"provider":"brevo","reason":"{\"message\":\"We have detected you are using an unrecognised IP address 4.240.39.200. If you performed this action make sure to add the new IP address in this link: https://app.brevo.com/security/authorised_ips\",\"code\":\"unauthorized\"}\n","status":401}],"stack":"Error: Failed to send email\n    at sendEmail (file:///workspaces/invoice-Genrator/Backend/src/service/auth/email.service.js:111:19)\n    at process.processTicksAndRejections (node:internal/process/task_queues:104:5)\n    at async Worker.connection [as processFn] (file:///workspaces/invoice-Genrator/Backend/src/worker/invoiceEmail.worker.js:37:9)\n    at async /workspaces/invoice-Genrator/Backend/node_modules/bullmq/dist/cjs/classes/worker.js:582:32","timestamp":"2026-10-05T11:03:42.441Z"}
{"level":"info","message":"Processing invoice email job: 26","timestamp":"2026-10-05T11:03:52.452Z"}
{"level":"info","message":"Sending invoice email: invoice=SKY-1004 to=nikhilsingh2764@gmail.com from=nikhilsingh11346@gmail.com subject=\"Invoice SKY-1004 from Nextpen Solutions pvt ltd - ₹8,68,82,992.00 due 30 Oct 2026\" pdfKB=4","timestamp":"2026-10-05T11:03:52.475Z"}
{"level":"error","message":"Email sending failed: nikhilsingh2764@gmail.com - [Brevo 401] {\"message\":\"We have detected you are using an unrecognised IP address 4.240.39.200. If you performed this action make sure to add the new IP address in this link: https://app.brevo.com/security/authorised_ips\",\"code\":\"unauthorized\"}\n","timestamp":"2026-10-05T11:03:53.340Z"}
{"error":"Failed to send email","jobId":"26","level":"error","message":"Invoice email job failed","reason":[{"provider":"brevo","reason":"{\"message\":\"We have detected you are using an unrecognised IP address 4.240.39.200. If you performed this action make sure to add the new IP address in this link: https://app.brevo.com/security/authorised_ips\",\"code\":\"unauthorized\"}\n","status":401}],"stack":"Error: Failed to send email\n    at sendEmail (file:///workspaces/invoice-Genrator/Backend/src/service/auth/email.service.js:111:19)\n    at process.processTicksAndRejections (node:internal/process/task_queues:104:5)\n    at async Worker.connection [as processFn] (file:///workspaces/invoice-Genrator/Backend/src/worker/invoiceEmail.worker.js:37:9)\n    at async /workspaces/invoice-Genrator/Backend/node_modules/bullmq/dist/cjs/classes/worker.js:582:32","timestamp":"2026-10-05T11:03:53.347Z"}
{"level":"info","message":"Invoice email job queued: 27","timestamp":"2026-10-05T11:05:41.085Z"}
{"level":"info","message":{"method":"POST","responseTime":"33ms","statusCode":202,"url":"/api/v1/invoice/6abddd91c94cbb3bd1514630/email"},"timestamp":"2026-10-05T11:05:41.087Z"}
{"level":"info","message":"Processing invoice email job: 27","timestamp":"2026-10-05T11:05:41.098Z"}
{"level":"info","message":"Sending invoice email: invoice=SKY-1004 to=nikhilsingh2764@gmail.com from=nikhilsingh11346@gmail.com subject=\"Invoice SKY-1004 from Nextpen Solutions pvt ltd - ₹8,68,82,992.00 due 30 Oct 2026\" pdfKB=4","timestamp":"2026-10-05T11:05:41.127Z"}
{"level":"error","message":"Email sending failed: nikhilsingh2764@gmail.com - [Brevo 401] {\"message\":\"We have detected you are using an unrecognised IP address 4.240.39.200. If you performed this action make sure to add the new IP address in this link: https://app.brevo.com/security/authorised_ips\",\"code\":\"unauthorized\"}\n","timestamp":"2026-10-05T11:05:41.979Z"}
{"error":"Failed to send email","jobId":"27","level":"error","message":"Invoice email job failed","reason":[{"provider":"brevo","reason":"{\"message\":\"We have detected you are using an unrecognised IP address 4.240.39.200. If you performed this action make sure to add the new IP address in this link: https://app.brevo.com/security/authorised_ips\",\"code\":\"unauthorized\"}\n","status":401}],"stack":"Error: Failed to send email\n    at sendEmail (file:///workspaces/invoice-Genrator/Backend/src/service/auth/email.service.js:111:19)\n    at process.processTicksAndRejections (node:internal/process/task_queues:104:5)\n    at async Worker.connection [as processFn] (file:///workspaces/invoice-Genrator/Backend/src/worker/invoiceEmail.worker.js:37:9)\n    at async /workspaces/invoice-Genrator/Backend/node_modules/bullmq/dist/cjs/classes/worker.js:582:32","timestamp":"2026-10-05T11:05:41.989Z"}
{"level":"info","message":"Processing invoice email job: 27","timestamp":"2026-10-05T11:05:46.996Z"}
{"level":"info","message":"Sending invoice email: invoice=SKY-1004 to=nikhilsingh2764@gmail.com from=nikhilsingh11346@gmail.com subject=\"Invoice SKY-1004 from Nextpen Solutions pvt ltd - ₹8,68,82,992.00 due 30 Oct 2026\" pdfKB=4","timestamp":"2026-10-05T11:05:47.028Z"}
{"level":"error","message":"Email sending failed: nikhilsingh2764@gmail.com - [Brevo 401] {\"message\":\"We have detected you are using an unrecognised IP address 4.240.39.200. If you performed this action make sure to add the new IP address in this link: https://app.brevo.com/security/authorised_ips\",\"code\":\"unauthorized\"}\n","timestamp":"2026-10-05T11:05:47.810Z"}
{"error":"Failed to send email","jobId":"27","level":"error","message":"Invoice email job failed","reason":[{"provider":"brevo","reason":"{\"message\":\"We have detected you are using an unrecognised IP address 4.240.39.200. If you performed this action make sure to add the new IP address in this link: https://app.brevo.com/security/authorised_ips\",\"code\":\"unauthorized\"}\n","status":401}],"stack":"Error: Failed to send email\n    at sendEmail (file:///workspaces/invoice-Genrator/Backend/src/service/auth/email.service.js:111:19)\n    at process.processTicksAndRejections (node:internal/process/task_queues:104:5)\n    at async Worker.connection [as processFn] (file:///workspaces/invoice-Genrator/Backend/src/worker/invoiceEmail.worker.js:37:9)\n    at async /workspaces/invoice-Genrator/Backend/node_modules/bullmq/dist/cjs/classes/worker.js:582:32","timestamp":"2026-10-05T11:05:47.817Z"}
{"level":"info","message":"Processing invoice email job: 27","timestamp":"2026-10-05T11:05:57.826Z"}
{"level":"info","message":"Sending invoice email: invoice=SKY-1004 to=nikhilsingh2764@gmail.com from=nikhilsingh11346@gmail.com subject=\"Invoice SKY-1004 from Nextpen Solutions pvt ltd - ₹8,68,82,992.00 due 30 Oct 2026\" pdfKB=4","timestamp":"2026-10-05T11:05:57.850Z"}
{"level":"error","message":"Email sending failed: nikhilsingh2764@gmail.com - [Brevo 401] {\"message\":\"We have detected you are using an unrecognised IP address 4.240.39.200. If you performed this action make sure to add the new IP address in this link: https://app.brevo.com/security/authorised_ips\",\"code\":\"unauthorized\"}\n","timestamp":"2026-10-05T11:05:58.496Z"}
{"error":"Failed to send email","jobId":"27","level":"error","message":"Invoice email job failed","reason":[{"provider":"brevo","reason":"{\"message\":\"We have detected you are using an unrecognised IP address 4.240.39.200. If you performed this action make sure to add the new IP address in this link: https://app.brevo.com/security/authorised_ips\",\"code\":\"unauthorized\"}\n","status":401}],"stack":"Error: Failed to send email\n    at sendEmail (file:///workspaces/invoice-Genrator/Backend/src/service/auth/email.service.js:111:19)\n    at process.processTicksAndRejections (node:internal/process/task_queues:104:5)\n    at async Worker.connection [as processFn] (file:///workspaces/invoice-Genrator/Backend/src/worker/invoiceEmail.worker.js:37:9)\n    at async /workspaces/invoice-Genrator/Backend/node_modules/bullmq/dist/cjs/classes/worker.js:582:32","timestamp":"2026-10-05T11:05:58.504Z"}
{"level":"info","message":"Shutting down email worker...","timestamp":"2026-10-05T11:06:57.079Z"}
{"level":"info","message":"Graceful shutdown started...","timestamp":"2026-10-05T11:06:57.080Z"}
{"level":"info","message":"HTTP server closed","timestamp":"2026-10-05T11:06:57.081Z"}
{"level":"info","message":"Email worker stopped","timestamp":"2026-10-05T11:06:57.091Z"}
{"level":"info","message":"Email worker started","timestamp":"2026-10-05T11:07:03.360Z"}
{"level":"info","message":"Profile cache miss: 6aae1ab44e5f0d7a100b5f36","timestamp":"2026-10-05T11:07:10.729Z"}
{"level":"info","message":"Profile fetched from database and cached: 6aae1ab44e5f0d7a100b5f36","timestamp":"2026-10-05T11:07:10.745Z"}
{"level":"info","message":{"method":"GET","responseTime":"66ms","statusCode":200,"url":"/api/v1/profile"},"timestamp":"2026-10-05T11:07:10.752Z"}
{"level":"info","message":"Invoice cache miss: 6abddd91c94cbb3bd1514630","timestamp":"2026-10-05T11:07:11.349Z"}
{"level":"info","message":"Invoice fetched from DB and cached: 6abddd91c94cbb3bd1514630","timestamp":"2026-10-05T11:07:11.368Z"}
{"level":"info","message":{"method":"GET","responseTime":"46ms","statusCode":304,"url":"/api/v1/invoice/6abddd91c94cbb3bd1514630"},"timestamp":"2026-10-05T11:07:11.370Z"}
{"level":"info","message":"Invoice email job queued: 28","timestamp":"2026-10-05T11:07:13.917Z"}
{"level":"info","message":{"method":"POST","responseTime":"39ms","statusCode":202,"url":"/api/v1/invoice/6abddd91c94cbb3bd1514630/email"},"timestamp":"2026-10-05T11:07:13.920Z"}
{"level":"info","message":"Processing invoice email job: 28","timestamp":"2026-10-05T11:07:13.926Z"}
{"level":"info","message":"Sending invoice email: invoice=SKY-1004 to=nikhilsingh2764@gmail.com from=nikhilsingh11346@gmail.com subject=\"Invoice SKY-1004 from Nextpen Solutions pvt ltd - ₹8,68,82,992.00 due 30 Oct 2026\" pdfKB=4","timestamp":"2026-10-05T11:07:13.987Z"}
{"level":"error","message":"Email sending failed: nikhilsingh2764@gmail.com - [Brevo 401] {\"message\":\"We have detected you are using an unrecognised IP address 4.240.39.200. If you performed this action make sure to add the new IP address in this link: https://app.brevo.com/security/authorised_ips\",\"code\":\"unauthorized\"}\n","timestamp":"2026-10-05T11:07:14.846Z"}
{"error":"Failed to send email","jobId":"28","level":"error","message":"Invoice email job failed","reason":[{"provider":"brevo","reason":"{\"message\":\"We have detected you are using an unrecognised IP address 4.240.39.200. If you performed this action make sure to add the new IP address in this link: https://app.brevo.com/security/authorised_ips\",\"code\":\"unauthorized\"}\n","status":401}],"stack":"Error: Failed to send email\n    at sendEmail (file:///workspaces/invoice-Genrator/Backend/src/service/auth/email.service.js:111:19)\n    at process.processTicksAndRejections (node:internal/process/task_queues:104:5)\n    at async Worker.connection [as processFn] (file:///workspaces/invoice-Genrator/Backend/src/worker/invoiceEmail.worker.js:37:9)\n    at async /workspaces/invoice-Genrator/Backend/node_modules/bullmq/dist/cjs/classes/worker.js:582:32","timestamp":"2026-10-05T11:07:14.865Z"}
{"level":"info","message":"Processing invoice email job: 28","timestamp":"2026-10-05T11:07:19.864Z"}
{"level":"info","message":"Sending invoice email: invoice=SKY-1004 to=nikhilsingh2764@gmail.com from=nikhilsingh11346@gmail.com subject=\"Invoice SKY-1004 from Nextpen Solutions pvt ltd - ₹8,68,82,992.00 due 30 Oct 2026\" pdfKB=4","timestamp":"2026-10-05T11:07:19.899Z"}
{"level":"error","message":"Email sending failed: nikhilsingh2764@gmail.com - [Brevo 401] {\"message\":\"We have detected you are using an unrecognised IP address 4.240.39.200. If you performed this action make sure to add the new IP address in this link: https://app.brevo.com/security/authorised_ips\",\"code\":\"unauthorized\"}\n","timestamp":"2026-10-05T11:07:20.806Z"}
{"error":"Failed to send email","jobId":"28","level":"error","message":"Invoice email job failed","reason":[{"provider":"brevo","reason":"{\"message\":\"We have detected you are using an unrecognised IP address 4.240.39.200. If you performed this action make sure to add the new IP address in this link: https://app.brevo.com/security/authorised_ips\",\"code\":\"unauthorized\"}\n","status":401}],"stack":"Error: Failed to send email\n    at sendEmail (file:///workspaces/invoice-Genrator/Backend/src/service/auth/email.service.js:111:19)\n    at process.processTicksAndRejections (node:internal/process/task_queues:104:5)\n    at async Worker.connection [as processFn] (file:///workspaces/invoice-Genrator/Backend/src/worker/invoiceEmail.worker.js:37:9)\n    at async /workspaces/invoice-Genrator/Backend/node_modules/bullmq/dist/cjs/classes/worker.js:582:32","timestamp":"2026-10-05T11:07:20.815Z"}
{"level":"info","message":"Processing invoice email job: 28","timestamp":"2026-10-05T11:07:30.821Z"}
{"level":"info","message":"Sending invoice email: invoice=SKY-1004 to=nikhilsingh2764@gmail.com from=nikhilsingh11346@gmail.com subject=\"Invoice SKY-1004 from Nextpen Solutions pvt ltd - ₹8,68,82,992.00 due 30 Oct 2026\" pdfKB=4","timestamp":"2026-10-05T11:07:30.852Z"}
{"level":"error","message":"Email sending failed: nikhilsingh2764@gmail.com - [Brevo 401] {\"message\":\"We have detected you are using an unrecognised IP address 4.240.39.200. If you performed this action make sure to add the new IP address in this link: https://app.brevo.com/security/authorised_ips\",\"code\":\"unauthorized\"}\n","timestamp":"2026-10-05T11:07:31.818Z"}
{"error":"Failed to send email","jobId":"28","level":"error","message":"Invoice email job failed","reason":[{"provider":"brevo","reason":"{\"message\":\"We have detected you are using an unrecognised IP address 4.240.39.200. If you performed this action make sure to add the new IP address in this link: https://app.brevo.com/security/authorised_ips\",\"code\":\"unauthorized\"}\n","status":401}],"stack":"Error: Failed to send email\n    at sendEmail (file:///workspaces/invoice-Genrator/Backend/src/service/auth/email.service.js:111:19)\n    at process.processTicksAndRejections (node:internal/process/task_queues:104:5)\n    at async Worker.connection [as processFn] (file:///workspaces/invoice-Genrator/Backend/src/worker/invoiceEmail.worker.js:37:9)\n    at async /workspaces/invoice-Genrator/Backend/node_modules/bullmq/dist/cjs/classes/worker.js:582:32","timestamp":"2026-10-05T11:07:31.839Z"}
{"level":"info","message":"Shutting down email worker...","timestamp":"2026-10-05T11:08:10.106Z"}
{"level":"info","message":"Graceful shutdown started...","timestamp":"2026-10-05T11:08:10.107Z"}
{"level":"info","message":"HTTP server closed","timestamp":"2026-10-05T11:08:10.110Z"}
{"level":"info","message":"Email worker stopped","timestamp":"2026-10-05T11:08:10.117Z"}
